ISO-10303-21;
HEADER;
FILE_DESCRIPTION(('KiCad electronic assembly'),'2;1');
FILE_NAME('MultipleFaceplate.step','2026-10-08T05:45:16',('Pcbnew'),(
    'Kicad'),'Open CASCADE STEP processor 7.9','KiCad to STEP converter'
  ,'Unknown');
FILE_SCHEMA(('AUTOMOTIVE_DESIGN { 1 0 10303 214 1 1 1 1 }'));
ENDSEC;
DATA;
#1 = APPLICATION_PROTOCOL_DEFINITION('international standard',
  'automotive_design',2000,#2);
#2 = APPLICATION_CONTEXT(
  'core data for automotive mechanical design processes');
#3 = SHAPE_DEFINITION_REPRESENTATION(#4,#10);
#4 = PRODUCT_DEFINITION_SHAPE('','',#5);
#5 = PRODUCT_DEFINITION('design','',#6,#9);
#6 = PRODUCT_DEFINITION_FORMATION('','',#7);
#7 = PRODUCT('MultipleFaceplate 1','MultipleFaceplate 1','',(#8));
#8 = PRODUCT_CONTEXT('',#2,'mechanical');
#9 = PRODUCT_DEFINITION_CONTEXT('part definition',#2,'design');
#10 = SHAPE_REPRESENTATION('',(#11,#15,#19,#23,#27,#31),#35);
#11 = AXIS2_PLACEMENT_3D('',#12,#13,#14);
#12 = CARTESIAN_POINT('',(0.,0.,0.));
#13 = DIRECTION('',(0.,0.,1.));
#14 = DIRECTION('',(1.,0.,-0.));
#15 = AXIS2_PLACEMENT_3D('',#16,#17,#18);
#16 = CARTESIAN_POINT('',(0.,0.,0.));
#17 = DIRECTION('',(0.,0.,1.));
#18 = DIRECTION('',(1.,0.,-0.));
#19 = AXIS2_PLACEMENT_3D('',#20,#21,#22);
#20 = CARTESIAN_POINT('',(0.,0.,0.));
#21 = DIRECTION('',(0.,0.,1.));
#22 = DIRECTION('',(1.,0.,-0.));
#23 = AXIS2_PLACEMENT_3D('',#24,#25,#26);
#24 = CARTESIAN_POINT('',(0.,0.,0.));
#25 = DIRECTION('',(0.,0.,1.));
#26 = DIRECTION('',(1.,0.,-0.));
#27 = AXIS2_PLACEMENT_3D('',#28,#29,#30);
#28 = CARTESIAN_POINT('',(0.,0.,0.));
#29 = DIRECTION('',(0.,0.,1.));
#30 = DIRECTION('',(1.,0.,-0.));
#31 = AXIS2_PLACEMENT_3D('',#32,#33,#34);
#32 = CARTESIAN_POINT('',(0.,0.,0.));
#33 = DIRECTION('',(0.,0.,1.));
#34 = DIRECTION('',(1.,0.,-0.));
#35 = ( GEOMETRIC_REPRESENTATION_CONTEXT(3) 
GLOBAL_UNCERTAINTY_ASSIGNED_CONTEXT((#39)) GLOBAL_UNIT_ASSIGNED_CONTEXT(
(#36,#37,#38)) REPRESENTATION_CONTEXT('Context #1',
  '3D Context with UNIT and UNCERTAINTY') );
#36 = ( LENGTH_UNIT() NAMED_UNIT(*) SI_UNIT(.MILLI.,.METRE.) );
#37 = ( NAMED_UNIT(*) PLANE_ANGLE_UNIT() SI_UNIT($,.RADIAN.) );
#38 = ( NAMED_UNIT(*) SI_UNIT($,.STERADIAN.) SOLID_ANGLE_UNIT() );
#39 = UNCERTAINTY_MEASURE_WITH_UNIT(LENGTH_MEASURE(1.E-07),#36,
  'distance_accuracy_value','confusion accuracy');
#40 = PRODUCT_RELATED_PRODUCT_CATEGORY('part',$,(#7));
#41 = SHAPE_DEFINITION_REPRESENTATION(#42,#48);
#42 = PRODUCT_DEFINITION_SHAPE('','',#43);
#43 = PRODUCT_DEFINITION('design','',#44,#47);
#44 = PRODUCT_DEFINITION_FORMATION('','',#45);
#45 = PRODUCT('MultipleFaceplate-unsaved-export-87vEoI_copper',
  'MultipleFaceplate-unsaved-export-87vEoI_copper','',(#46));
#46 = PRODUCT_CONTEXT('',#2,'mechanical');
#47 = PRODUCT_DEFINITION_CONTEXT('part definition',#2,'design');
#48 = ADVANCED_BREP_SHAPE_REPRESENTATION('',(#11,#49),#768);
#49 = MANIFOLD_SOLID_BREP('',#50);
#50 = CLOSED_SHELL('',(#51,#93,#124,#157,#188,#221,#252,#285,#307,#340,
    #373,#406,#439,#472,#505,#538,#571,#604,#637,#670,#719));
#51 = ADVANCED_FACE('',(#52),#88,.T.);
#52 = FACE_BOUND('',#53,.T.);
#53 = EDGE_LOOP('',(#54,#64,#73,#81));
#54 = ORIENTED_EDGE('',*,*,#55,.T.);
#55 = EDGE_CURVE('',#56,#58,#60,.T.);
#56 = VERTEX_POINT('',#57);
#57 = CARTESIAN_POINT('',(142.6005,-52.974499,1.51));
#58 = VERTEX_POINT('',#59);
#59 = CARTESIAN_POINT('',(142.6005,-52.974499,1.545));
#60 = LINE('',#61,#62);
#61 = CARTESIAN_POINT('',(142.6005,-52.974499,1.51));
#62 = VECTOR('',#63,1.);
#63 = DIRECTION('',(0.,0.,1.));
#64 = ORIENTED_EDGE('',*,*,#65,.T.);
#65 = EDGE_CURVE('',#58,#66,#68,.T.);
#66 = VERTEX_POINT('',#67);
#67 = CARTESIAN_POINT('',(142.7245,-52.850499,1.545));
#68 = CIRCLE('',#69,0.124001618184);
#69 = AXIS2_PLACEMENT_3D('',#70,#71,#72);
#70 = CARTESIAN_POINT('',(142.72450161817,-52.97450061817,1.545));
#71 = DIRECTION('',(0.,0.,-1.));
#72 = DIRECTION('',(-0.999999999915,1.304961770704E-05,0.));
#73 = ORIENTED_EDGE('',*,*,#74,.F.);
#74 = EDGE_CURVE('',#75,#66,#77,.T.);
#75 = VERTEX_POINT('',#76);
#76 = CARTESIAN_POINT('',(142.7245,-52.850499,1.51));
#77 = LINE('',#78,#79);
#78 = CARTESIAN_POINT('',(142.7245,-52.850499,1.51));
#79 = VECTOR('',#80,1.);
#80 = DIRECTION('',(0.,0.,1.));
#81 = ORIENTED_EDGE('',*,*,#82,.F.);
#82 = EDGE_CURVE('',#56,#75,#83,.T.);
#83 = CIRCLE('',#84,0.124001618184);
#84 = AXIS2_PLACEMENT_3D('',#85,#86,#87);
#85 = CARTESIAN_POINT('',(142.72450161817,-52.97450061817,1.51));
#86 = DIRECTION('',(0.,0.,-1.));
#87 = DIRECTION('',(-0.999999999915,1.304961770704E-05,0.));
#88 = CYLINDRICAL_SURFACE('',#89,0.124001618184);
#89 = AXIS2_PLACEMENT_3D('',#90,#91,#92);
#90 = CARTESIAN_POINT('',(142.72450161817,-52.97450061817,1.51));
#91 = DIRECTION('',(0.,0.,-1.));
#92 = DIRECTION('',(-0.999999999915,1.304961770704E-05,0.));
#93 = ADVANCED_FACE('',(#94),#119,.T.);
#94 = FACE_BOUND('',#95,.T.);
#95 = EDGE_LOOP('',(#96,#97,#105,#113));
#96 = ORIENTED_EDGE('',*,*,#74,.T.);
#97 = ORIENTED_EDGE('',*,*,#98,.T.);
#98 = EDGE_CURVE('',#66,#99,#101,.T.);
#99 = VERTEX_POINT('',#100);
#100 = CARTESIAN_POINT('',(157.2755,-52.850499,1.545));
#101 = LINE('',#102,#103);
#102 = CARTESIAN_POINT('',(142.7245,-52.850499,1.545));
#103 = VECTOR('',#104,1.);
#104 = DIRECTION('',(1.,0.,0.));
#105 = ORIENTED_EDGE('',*,*,#106,.F.);
#106 = EDGE_CURVE('',#107,#99,#109,.T.);
#107 = VERTEX_POINT('',#108);
#108 = CARTESIAN_POINT('',(157.2755,-52.850499,1.51));
#109 = LINE('',#110,#111);
#110 = CARTESIAN_POINT('',(157.2755,-52.850499,1.51));
#111 = VECTOR('',#112,1.);
#112 = DIRECTION('',(0.,0.,1.));
#113 = ORIENTED_EDGE('',*,*,#114,.F.);
#114 = EDGE_CURVE('',#75,#107,#115,.T.);
#115 = LINE('',#116,#117);
#116 = CARTESIAN_POINT('',(142.7245,-52.850499,1.51));
#117 = VECTOR('',#118,1.);
#118 = DIRECTION('',(1.,0.,0.));
#119 = PLANE('',#120);
#120 = AXIS2_PLACEMENT_3D('',#121,#122,#123);
#121 = CARTESIAN_POINT('',(142.7245,-52.850499,1.51));
#122 = DIRECTION('',(0.,1.,0.));
#123 = DIRECTION('',(1.,0.,0.));
#124 = ADVANCED_FACE('',(#125),#152,.T.);
#125 = FACE_BOUND('',#126,.T.);
#126 = EDGE_LOOP('',(#127,#128,#137,#145));
#127 = ORIENTED_EDGE('',*,*,#106,.T.);
#128 = ORIENTED_EDGE('',*,*,#129,.T.);
#129 = EDGE_CURVE('',#99,#130,#132,.T.);
#130 = VERTEX_POINT('',#131);
#131 = CARTESIAN_POINT('',(157.3995,-52.974499,1.545));
#132 = CIRCLE('',#133,0.124001618184);
#133 = AXIS2_PLACEMENT_3D('',#134,#135,#136);
#134 = CARTESIAN_POINT('',(157.27549838182,-52.97450061817,1.545));
#135 = DIRECTION('',(0.,0.,-1.));
#136 = DIRECTION('',(1.304961816544E-05,0.999999999915,0.));
#137 = ORIENTED_EDGE('',*,*,#138,.F.);
#138 = EDGE_CURVE('',#139,#130,#141,.T.);
#139 = VERTEX_POINT('',#140);
#140 = CARTESIAN_POINT('',(157.3995,-52.974499,1.51));
#141 = LINE('',#142,#143);
#142 = CARTESIAN_POINT('',(157.3995,-52.974499,1.51));
#143 = VECTOR('',#144,1.);
#144 = DIRECTION('',(0.,0.,1.));
#145 = ORIENTED_EDGE('',*,*,#146,.F.);
#146 = EDGE_CURVE('',#107,#139,#147,.T.);
#147 = CIRCLE('',#148,0.124001618184);
#148 = AXIS2_PLACEMENT_3D('',#149,#150,#151);
#149 = CARTESIAN_POINT('',(157.27549838182,-52.97450061817,1.51));
#150 = DIRECTION('',(0.,0.,-1.));
#151 = DIRECTION('',(1.304961816544E-05,0.999999999915,0.));
#152 = CYLINDRICAL_SURFACE('',#153,0.124001618184);
#153 = AXIS2_PLACEMENT_3D('',#154,#155,#156);
#154 = CARTESIAN_POINT('',(157.27549838182,-52.97450061817,1.51));
#155 = DIRECTION('',(0.,0.,-1.));
#156 = DIRECTION('',(1.304961816544E-05,0.999999999915,0.));
#157 = ADVANCED_FACE('',(#158),#183,.T.);
#158 = FACE_BOUND('',#159,.T.);
#159 = EDGE_LOOP('',(#160,#161,#169,#177));
#160 = ORIENTED_EDGE('',*,*,#138,.T.);
#161 = ORIENTED_EDGE('',*,*,#162,.T.);
#162 = EDGE_CURVE('',#130,#163,#165,.T.);
#163 = VERTEX_POINT('',#164);
#164 = CARTESIAN_POINT('',(157.3995,-181.0255,1.545));
#165 = LINE('',#166,#167);
#166 = CARTESIAN_POINT('',(157.3995,-52.974499,1.545));
#167 = VECTOR('',#168,1.);
#168 = DIRECTION('',(0.,-1.,0.));
#169 = ORIENTED_EDGE('',*,*,#170,.F.);
#170 = EDGE_CURVE('',#171,#163,#173,.T.);
#171 = VERTEX_POINT('',#172);
#172 = CARTESIAN_POINT('',(157.3995,-181.0255,1.51));
#173 = LINE('',#174,#175);
#174 = CARTESIAN_POINT('',(157.3995,-181.0255,1.51));
#175 = VECTOR('',#176,1.);
#176 = DIRECTION('',(0.,0.,1.));
#177 = ORIENTED_EDGE('',*,*,#178,.F.);
#178 = EDGE_CURVE('',#139,#171,#179,.T.);
#179 = LINE('',#180,#181);
#180 = CARTESIAN_POINT('',(157.3995,-52.974499,1.51));
#181 = VECTOR('',#182,1.);
#182 = DIRECTION('',(0.,-1.,0.));
#183 = PLANE('',#184);
#184 = AXIS2_PLACEMENT_3D('',#185,#186,#187);
#185 = CARTESIAN_POINT('',(157.3995,-52.974499,1.51));
#186 = DIRECTION('',(1.,0.,-0.));
#187 = DIRECTION('',(0.,-1.,0.));
#188 = ADVANCED_FACE('',(#189),#216,.T.);
#189 = FACE_BOUND('',#190,.T.);
#190 = EDGE_LOOP('',(#191,#192,#201,#209));
#191 = ORIENTED_EDGE('',*,*,#170,.T.);
#192 = ORIENTED_EDGE('',*,*,#193,.T.);
#193 = EDGE_CURVE('',#163,#194,#196,.T.);
#194 = VERTEX_POINT('',#195);
#195 = CARTESIAN_POINT('',(157.2755,-181.1495,1.545));
#196 = CIRCLE('',#197,0.124001618184);
#197 = AXIS2_PLACEMENT_3D('',#198,#199,#200);
#198 = CARTESIAN_POINT('',(157.27549838182,-181.0254983818,1.545));
#199 = DIRECTION('',(0.,0.,-1.));
#200 = DIRECTION('',(0.999999999915,-1.304961793624E-05,0.));
#201 = ORIENTED_EDGE('',*,*,#202,.F.);
#202 = EDGE_CURVE('',#203,#194,#205,.T.);
#203 = VERTEX_POINT('',#204);
#204 = CARTESIAN_POINT('',(157.2755,-181.1495,1.51));
#205 = LINE('',#206,#207);
#206 = CARTESIAN_POINT('',(157.2755,-181.1495,1.51));
#207 = VECTOR('',#208,1.);
#208 = DIRECTION('',(0.,0.,1.));
#209 = ORIENTED_EDGE('',*,*,#210,.F.);
#210 = EDGE_CURVE('',#171,#203,#211,.T.);
#211 = CIRCLE('',#212,0.124001618184);
#212 = AXIS2_PLACEMENT_3D('',#213,#214,#215);
#213 = CARTESIAN_POINT('',(157.27549838182,-181.0254983818,1.51));
#214 = DIRECTION('',(0.,0.,-1.));
#215 = DIRECTION('',(0.999999999915,-1.304961793624E-05,0.));
#216 = CYLINDRICAL_SURFACE('',#217,0.124001618184);
#217 = AXIS2_PLACEMENT_3D('',#218,#219,#220);
#218 = CARTESIAN_POINT('',(157.27549838182,-181.0254983818,1.51));
#219 = DIRECTION('',(0.,0.,-1.));
#220 = DIRECTION('',(0.999999999915,-1.304961793624E-05,0.));
#221 = ADVANCED_FACE('',(#222),#247,.T.);
#222 = FACE_BOUND('',#223,.T.);
#223 = EDGE_LOOP('',(#224,#225,#233,#241));
#224 = ORIENTED_EDGE('',*,*,#202,.T.);
#225 = ORIENTED_EDGE('',*,*,#226,.T.);
#226 = EDGE_CURVE('',#194,#227,#229,.T.);
#227 = VERTEX_POINT('',#228);
#228 = CARTESIAN_POINT('',(142.7245,-181.1495,1.545));
#229 = LINE('',#230,#231);
#230 = CARTESIAN_POINT('',(157.2755,-181.1495,1.545));
#231 = VECTOR('',#232,1.);
#232 = DIRECTION('',(-1.,0.,0.));
#233 = ORIENTED_EDGE('',*,*,#234,.F.);
#234 = EDGE_CURVE('',#235,#227,#237,.T.);
#235 = VERTEX_POINT('',#236);
#236 = CARTESIAN_POINT('',(142.7245,-181.1495,1.51));
#237 = LINE('',#238,#239);
#238 = CARTESIAN_POINT('',(142.7245,-181.1495,1.51));
#239 = VECTOR('',#240,1.);
#240 = DIRECTION('',(0.,0.,1.));
#241 = ORIENTED_EDGE('',*,*,#242,.F.);
#242 = EDGE_CURVE('',#203,#235,#243,.T.);
#243 = LINE('',#244,#245);
#244 = CARTESIAN_POINT('',(157.2755,-181.1495,1.51));
#245 = VECTOR('',#246,1.);
#246 = DIRECTION('',(-1.,0.,0.));
#247 = PLANE('',#248);
#248 = AXIS2_PLACEMENT_3D('',#249,#250,#251);
#249 = CARTESIAN_POINT('',(157.2755,-181.1495,1.51));
#250 = DIRECTION('',(0.,-1.,0.));
#251 = DIRECTION('',(-1.,0.,0.));
#252 = ADVANCED_FACE('',(#253),#280,.T.);
#253 = FACE_BOUND('',#254,.T.);
#254 = EDGE_LOOP('',(#255,#256,#265,#273));
#255 = ORIENTED_EDGE('',*,*,#234,.T.);
#256 = ORIENTED_EDGE('',*,*,#257,.T.);
#257 = EDGE_CURVE('',#227,#258,#260,.T.);
#258 = VERTEX_POINT('',#259);
#259 = CARTESIAN_POINT('',(142.6005,-181.0255,1.545));
#260 = CIRCLE('',#261,0.124001618184);
#261 = AXIS2_PLACEMENT_3D('',#262,#263,#264);
#262 = CARTESIAN_POINT('',(142.72450161817,-181.0254983818,1.545));
#263 = DIRECTION('',(0.,0.,-1.));
#264 = DIRECTION('',(-1.304961793624E-05,-0.999999999915,-0.));
#265 = ORIENTED_EDGE('',*,*,#266,.F.);
#266 = EDGE_CURVE('',#267,#258,#269,.T.);
#267 = VERTEX_POINT('',#268);
#268 = CARTESIAN_POINT('',(142.6005,-181.0255,1.51));
#269 = LINE('',#270,#271);
#270 = CARTESIAN_POINT('',(142.6005,-181.0255,1.51));
#271 = VECTOR('',#272,1.);
#272 = DIRECTION('',(0.,0.,1.));
#273 = ORIENTED_EDGE('',*,*,#274,.F.);
#274 = EDGE_CURVE('',#235,#267,#275,.T.);
#275 = CIRCLE('',#276,0.124001618184);
#276 = AXIS2_PLACEMENT_3D('',#277,#278,#279);
#277 = CARTESIAN_POINT('',(142.72450161817,-181.0254983818,1.51));
#278 = DIRECTION('',(0.,0.,-1.));
#279 = DIRECTION('',(-1.304961793624E-05,-0.999999999915,-0.));
#280 = CYLINDRICAL_SURFACE('',#281,0.124001618184);
#281 = AXIS2_PLACEMENT_3D('',#282,#283,#284);
#282 = CARTESIAN_POINT('',(142.72450161817,-181.0254983818,1.51));
#283 = DIRECTION('',(0.,0.,-1.));
#284 = DIRECTION('',(-1.304961793624E-05,-0.999999999915,-0.));
#285 = ADVANCED_FACE('',(#286),#302,.T.);
#286 = FACE_BOUND('',#287,.T.);
#287 = EDGE_LOOP('',(#288,#289,#295,#296));
#288 = ORIENTED_EDGE('',*,*,#266,.T.);
#289 = ORIENTED_EDGE('',*,*,#290,.T.);
#290 = EDGE_CURVE('',#258,#58,#291,.T.);
#291 = LINE('',#292,#293);
#292 = CARTESIAN_POINT('',(142.6005,-181.0255,1.545));
#293 = VECTOR('',#294,1.);
#294 = DIRECTION('',(0.,1.,0.));
#295 = ORIENTED_EDGE('',*,*,#55,.F.);
#296 = ORIENTED_EDGE('',*,*,#297,.F.);
#297 = EDGE_CURVE('',#267,#56,#298,.T.);
#298 = LINE('',#299,#300);
#299 = CARTESIAN_POINT('',(142.6005,-181.0255,1.51));
#300 = VECTOR('',#301,1.);
#301 = DIRECTION('',(0.,1.,0.));
#302 = PLANE('',#303);
#303 = AXIS2_PLACEMENT_3D('',#304,#305,#306);
#304 = CARTESIAN_POINT('',(142.6005,-181.0255,1.51));
#305 = DIRECTION('',(-1.,0.,0.));
#306 = DIRECTION('',(0.,1.,0.));
#307 = ADVANCED_FACE('',(#308),#335,.F.);
#308 = FACE_BOUND('',#309,.T.);
#309 = EDGE_LOOP('',(#310,#320,#327,#328));
#310 = ORIENTED_EDGE('',*,*,#311,.T.);
#311 = EDGE_CURVE('',#312,#314,#316,.T.);
#312 = VERTEX_POINT('',#313);
#313 = CARTESIAN_POINT('',(151.854469,-178.25,1.51));
#314 = VERTEX_POINT('',#315);
#315 = CARTESIAN_POINT('',(151.854469,-178.25,1.545));
#316 = LINE('',#317,#318);
#317 = CARTESIAN_POINT('',(151.854469,-178.25,1.51));
#318 = VECTOR('',#319,1.);
#319 = DIRECTION('',(0.,0.,1.));
#320 = ORIENTED_EDGE('',*,*,#321,.T.);
#321 = EDGE_CURVE('',#314,#314,#322,.T.);
#322 = CIRCLE('',#323,1.854471);
#323 = AXIS2_PLACEMENT_3D('',#324,#325,#326);
#324 = CARTESIAN_POINT('',(149.999998,-178.25,1.545));
#325 = DIRECTION('',(0.,0.,1.));
#326 = DIRECTION('',(1.,0.,-0.));
#327 = ORIENTED_EDGE('',*,*,#311,.F.);
#328 = ORIENTED_EDGE('',*,*,#329,.F.);
#329 = EDGE_CURVE('',#312,#312,#330,.T.);
#330 = CIRCLE('',#331,1.854471);
#331 = AXIS2_PLACEMENT_3D('',#332,#333,#334);
#332 = CARTESIAN_POINT('',(149.999998,-178.25,1.51));
#333 = DIRECTION('',(0.,0.,1.));
#334 = DIRECTION('',(1.,0.,-0.));
#335 = CYLINDRICAL_SURFACE('',#336,1.854471);
#336 = AXIS2_PLACEMENT_3D('',#337,#338,#339);
#337 = CARTESIAN_POINT('',(149.999998,-178.25,1.51));
#338 = DIRECTION('',(-0.,-0.,-1.));
#339 = DIRECTION('',(1.,0.,-0.));
#340 = ADVANCED_FACE('',(#341),#368,.F.);
#341 = FACE_BOUND('',#342,.T.);
#342 = EDGE_LOOP('',(#343,#353,#360,#361));
#343 = ORIENTED_EDGE('',*,*,#344,.T.);
#344 = EDGE_CURVE('',#345,#347,#349,.T.);
#345 = VERTEX_POINT('',#346);
#346 = CARTESIAN_POINT('',(153.254421,-162.,1.51));
#347 = VERTEX_POINT('',#348);
#348 = CARTESIAN_POINT('',(153.254421,-162.,1.545));
#349 = LINE('',#350,#351);
#350 = CARTESIAN_POINT('',(153.254421,-162.,1.51));
#351 = VECTOR('',#352,1.);
#352 = DIRECTION('',(0.,0.,1.));
#353 = ORIENTED_EDGE('',*,*,#354,.T.);
#354 = EDGE_CURVE('',#347,#347,#355,.T.);
#355 = CIRCLE('',#356,3.254421);
#356 = AXIS2_PLACEMENT_3D('',#357,#358,#359);
#357 = CARTESIAN_POINT('',(150.,-162.,1.545));
#358 = DIRECTION('',(0.,0.,1.));
#359 = DIRECTION('',(1.,0.,-0.));
#360 = ORIENTED_EDGE('',*,*,#344,.F.);
#361 = ORIENTED_EDGE('',*,*,#362,.F.);
#362 = EDGE_CURVE('',#345,#345,#363,.T.);
#363 = CIRCLE('',#364,3.254421);
#364 = AXIS2_PLACEMENT_3D('',#365,#366,#367);
#365 = CARTESIAN_POINT('',(150.,-162.,1.51));
#366 = DIRECTION('',(0.,0.,1.));
#367 = DIRECTION('',(1.,0.,-0.));
#368 = CYLINDRICAL_SURFACE('',#369,3.254421);
#369 = AXIS2_PLACEMENT_3D('',#370,#371,#372);
#370 = CARTESIAN_POINT('',(150.,-162.,1.51));
#371 = DIRECTION('',(-0.,-0.,-1.));
#372 = DIRECTION('',(1.,0.,-0.));
#373 = ADVANCED_FACE('',(#374),#401,.F.);
#374 = FACE_BOUND('',#375,.T.);
#375 = EDGE_LOOP('',(#376,#386,#393,#394));
#376 = ORIENTED_EDGE('',*,*,#377,.T.);
#377 = EDGE_CURVE('',#378,#380,#382,.T.);
#378 = VERTEX_POINT('',#379);
#379 = CARTESIAN_POINT('',(153.254421,-150.,1.51));
#380 = VERTEX_POINT('',#381);
#381 = CARTESIAN_POINT('',(153.254421,-150.,1.545));
#382 = LINE('',#383,#384);
#383 = CARTESIAN_POINT('',(153.254421,-150.,1.51));
#384 = VECTOR('',#385,1.);
#385 = DIRECTION('',(0.,0.,1.));
#386 = ORIENTED_EDGE('',*,*,#387,.T.);
#387 = EDGE_CURVE('',#380,#380,#388,.T.);
#388 = CIRCLE('',#389,3.254421);
#389 = AXIS2_PLACEMENT_3D('',#390,#391,#392);
#390 = CARTESIAN_POINT('',(150.,-150.,1.545));
#391 = DIRECTION('',(0.,0.,1.));
#392 = DIRECTION('',(1.,0.,-0.));
#393 = ORIENTED_EDGE('',*,*,#377,.F.);
#394 = ORIENTED_EDGE('',*,*,#395,.F.);
#395 = EDGE_CURVE('',#378,#378,#396,.T.);
#396 = CIRCLE('',#397,3.254421);
#397 = AXIS2_PLACEMENT_3D('',#398,#399,#400);
#398 = CARTESIAN_POINT('',(150.,-150.,1.51));
#399 = DIRECTION('',(0.,0.,1.));
#400 = DIRECTION('',(1.,0.,-0.));
#401 = CYLINDRICAL_SURFACE('',#402,3.254421);
#402 = AXIS2_PLACEMENT_3D('',#403,#404,#405);
#403 = CARTESIAN_POINT('',(150.,-150.,1.51));
#404 = DIRECTION('',(-0.,-0.,-1.));
#405 = DIRECTION('',(1.,0.,-0.));
#406 = ADVANCED_FACE('',(#407),#434,.F.);
#407 = FACE_BOUND('',#408,.T.);
#408 = EDGE_LOOP('',(#409,#419,#426,#427));
#409 = ORIENTED_EDGE('',*,*,#410,.T.);
#410 = EDGE_CURVE('',#411,#413,#415,.T.);
#411 = VERTEX_POINT('',#412);
#412 = CARTESIAN_POINT('',(153.254421,-138.,1.51));
#413 = VERTEX_POINT('',#414);
#414 = CARTESIAN_POINT('',(153.254421,-138.,1.545));
#415 = LINE('',#416,#417);
#416 = CARTESIAN_POINT('',(153.254421,-138.,1.51));
#417 = VECTOR('',#418,1.);
#418 = DIRECTION('',(0.,0.,1.));
#419 = ORIENTED_EDGE('',*,*,#420,.T.);
#420 = EDGE_CURVE('',#413,#413,#421,.T.);
#421 = CIRCLE('',#422,3.254421);
#422 = AXIS2_PLACEMENT_3D('',#423,#424,#425);
#423 = CARTESIAN_POINT('',(150.,-138.,1.545));
#424 = DIRECTION('',(0.,0.,1.));
#425 = DIRECTION('',(1.,0.,-0.));
#426 = ORIENTED_EDGE('',*,*,#410,.F.);
#427 = ORIENTED_EDGE('',*,*,#428,.F.);
#428 = EDGE_CURVE('',#411,#411,#429,.T.);
#429 = CIRCLE('',#430,3.254421);
#430 = AXIS2_PLACEMENT_3D('',#431,#432,#433);
#431 = CARTESIAN_POINT('',(150.,-138.,1.51));
#432 = DIRECTION('',(0.,0.,1.));
#433 = DIRECTION('',(1.,0.,-0.));
#434 = CYLINDRICAL_SURFACE('',#435,3.254421);
#435 = AXIS2_PLACEMENT_3D('',#436,#437,#438);
#436 = CARTESIAN_POINT('',(150.,-138.,1.51));
#437 = DIRECTION('',(-0.,-0.,-1.));
#438 = DIRECTION('',(1.,0.,-0.));
#439 = ADVANCED_FACE('',(#440),#467,.F.);
#440 = FACE_BOUND('',#441,.T.);
#441 = EDGE_LOOP('',(#442,#452,#459,#460));
#442 = ORIENTED_EDGE('',*,*,#443,.T.);
#443 = EDGE_CURVE('',#444,#446,#448,.T.);
#444 = VERTEX_POINT('',#445);
#445 = CARTESIAN_POINT('',(153.254421,-126.,1.51));
#446 = VERTEX_POINT('',#447);
#447 = CARTESIAN_POINT('',(153.254421,-126.,1.545));
#448 = LINE('',#449,#450);
#449 = CARTESIAN_POINT('',(153.254421,-126.,1.51));
#450 = VECTOR('',#451,1.);
#451 = DIRECTION('',(0.,0.,1.));
#452 = ORIENTED_EDGE('',*,*,#453,.T.);
#453 = EDGE_CURVE('',#446,#446,#454,.T.);
#454 = CIRCLE('',#455,3.254421);
#455 = AXIS2_PLACEMENT_3D('',#456,#457,#458);
#456 = CARTESIAN_POINT('',(150.,-126.,1.545));
#457 = DIRECTION('',(0.,0.,1.));
#458 = DIRECTION('',(1.,0.,-0.));
#459 = ORIENTED_EDGE('',*,*,#443,.F.);
#460 = ORIENTED_EDGE('',*,*,#461,.F.);
#461 = EDGE_CURVE('',#444,#444,#462,.T.);
#462 = CIRCLE('',#463,3.254421);
#463 = AXIS2_PLACEMENT_3D('',#464,#465,#466);
#464 = CARTESIAN_POINT('',(150.,-126.,1.51));
#465 = DIRECTION('',(0.,0.,1.));
#466 = DIRECTION('',(1.,0.,-0.));
#467 = CYLINDRICAL_SURFACE('',#468,3.254421);
#468 = AXIS2_PLACEMENT_3D('',#469,#470,#471);
#469 = CARTESIAN_POINT('',(150.,-126.,1.51));
#470 = DIRECTION('',(-0.,-0.,-1.));
#471 = DIRECTION('',(1.,0.,-0.));
#472 = ADVANCED_FACE('',(#473),#500,.F.);
#473 = FACE_BOUND('',#474,.T.);
#474 = EDGE_LOOP('',(#475,#485,#492,#493));
#475 = ORIENTED_EDGE('',*,*,#476,.T.);
#476 = EDGE_CURVE('',#477,#479,#481,.T.);
#477 = VERTEX_POINT('',#478);
#478 = CARTESIAN_POINT('',(153.504723,-117.,1.51));
#479 = VERTEX_POINT('',#480);
#480 = CARTESIAN_POINT('',(153.504723,-117.,1.545));
#481 = LINE('',#482,#483);
#482 = CARTESIAN_POINT('',(153.504723,-117.,1.51));
#483 = VECTOR('',#484,1.);
#484 = DIRECTION('',(0.,0.,1.));
#485 = ORIENTED_EDGE('',*,*,#486,.T.);
#486 = EDGE_CURVE('',#479,#479,#487,.T.);
#487 = CIRCLE('',#488,3.504723);
#488 = AXIS2_PLACEMENT_3D('',#489,#490,#491);
#489 = CARTESIAN_POINT('',(150.,-117.,1.545));
#490 = DIRECTION('',(0.,0.,1.));
#491 = DIRECTION('',(1.,0.,-0.));
#492 = ORIENTED_EDGE('',*,*,#476,.F.);
#493 = ORIENTED_EDGE('',*,*,#494,.F.);
#494 = EDGE_CURVE('',#477,#477,#495,.T.);
#495 = CIRCLE('',#496,3.504723);
#496 = AXIS2_PLACEMENT_3D('',#497,#498,#499);
#497 = CARTESIAN_POINT('',(150.,-117.,1.51));
#498 = DIRECTION('',(0.,0.,1.));
#499 = DIRECTION('',(1.,0.,-0.));
#500 = CYLINDRICAL_SURFACE('',#501,3.504723);
#501 = AXIS2_PLACEMENT_3D('',#502,#503,#504);
#502 = CARTESIAN_POINT('',(150.,-117.,1.51));
#503 = DIRECTION('',(-0.,-0.,-1.));
#504 = DIRECTION('',(1.,0.,-0.));
#505 = ADVANCED_FACE('',(#506),#533,.F.);
#506 = FACE_BOUND('',#507,.T.);
#507 = EDGE_LOOP('',(#508,#518,#525,#526));
#508 = ORIENTED_EDGE('',*,*,#509,.T.);
#509 = EDGE_CURVE('',#510,#512,#514,.T.);
#510 = VERTEX_POINT('',#511);
#511 = CARTESIAN_POINT('',(153.254421,-108.,1.51));
#512 = VERTEX_POINT('',#513);
#513 = CARTESIAN_POINT('',(153.254421,-108.,1.545));
#514 = LINE('',#515,#516);
#515 = CARTESIAN_POINT('',(153.254421,-108.,1.51));
#516 = VECTOR('',#517,1.);
#517 = DIRECTION('',(0.,0.,1.));
#518 = ORIENTED_EDGE('',*,*,#519,.T.);
#519 = EDGE_CURVE('',#512,#512,#520,.T.);
#520 = CIRCLE('',#521,3.254421);
#521 = AXIS2_PLACEMENT_3D('',#522,#523,#524);
#522 = CARTESIAN_POINT('',(150.,-108.,1.545));
#523 = DIRECTION('',(0.,0.,1.));
#524 = DIRECTION('',(1.,0.,-0.));
#525 = ORIENTED_EDGE('',*,*,#509,.F.);
#526 = ORIENTED_EDGE('',*,*,#527,.F.);
#527 = EDGE_CURVE('',#510,#510,#528,.T.);
#528 = CIRCLE('',#529,3.254421);
#529 = AXIS2_PLACEMENT_3D('',#530,#531,#532);
#530 = CARTESIAN_POINT('',(150.,-108.,1.51));
#531 = DIRECTION('',(0.,0.,1.));
#532 = DIRECTION('',(1.,0.,-0.));
#533 = CYLINDRICAL_SURFACE('',#534,3.254421);
#534 = AXIS2_PLACEMENT_3D('',#535,#536,#537);
#535 = CARTESIAN_POINT('',(150.,-108.,1.51));
#536 = DIRECTION('',(-0.,-0.,-1.));
#537 = DIRECTION('',(1.,0.,-0.));
#538 = ADVANCED_FACE('',(#539),#566,.F.);
#539 = FACE_BOUND('',#540,.T.);
#540 = EDGE_LOOP('',(#541,#551,#558,#559));
#541 = ORIENTED_EDGE('',*,*,#542,.T.);
#542 = EDGE_CURVE('',#543,#545,#547,.T.);
#543 = VERTEX_POINT('',#544);
#544 = CARTESIAN_POINT('',(153.254421,-96.,1.51));
#545 = VERTEX_POINT('',#546);
#546 = CARTESIAN_POINT('',(153.254421,-96.,1.545));
#547 = LINE('',#548,#549);
#548 = CARTESIAN_POINT('',(153.254421,-96.,1.51));
#549 = VECTOR('',#550,1.);
#550 = DIRECTION('',(0.,0.,1.));
#551 = ORIENTED_EDGE('',*,*,#552,.T.);
#552 = EDGE_CURVE('',#545,#545,#553,.T.);
#553 = CIRCLE('',#554,3.254421);
#554 = AXIS2_PLACEMENT_3D('',#555,#556,#557);
#555 = CARTESIAN_POINT('',(150.,-96.,1.545));
#556 = DIRECTION('',(0.,0.,1.));
#557 = DIRECTION('',(1.,0.,-0.));
#558 = ORIENTED_EDGE('',*,*,#542,.F.);
#559 = ORIENTED_EDGE('',*,*,#560,.F.);
#560 = EDGE_CURVE('',#543,#543,#561,.T.);
#561 = CIRCLE('',#562,3.254421);
#562 = AXIS2_PLACEMENT_3D('',#563,#564,#565);
#563 = CARTESIAN_POINT('',(150.,-96.,1.51));
#564 = DIRECTION('',(0.,0.,1.));
#565 = DIRECTION('',(1.,0.,-0.));
#566 = CYLINDRICAL_SURFACE('',#567,3.254421);
#567 = AXIS2_PLACEMENT_3D('',#568,#569,#570);
#568 = CARTESIAN_POINT('',(150.,-96.,1.51));
#569 = DIRECTION('',(-0.,-0.,-1.));
#570 = DIRECTION('',(1.,0.,-0.));
#571 = ADVANCED_FACE('',(#572),#599,.F.);
#572 = FACE_BOUND('',#573,.T.);
#573 = EDGE_LOOP('',(#574,#584,#591,#592));
#574 = ORIENTED_EDGE('',*,*,#575,.T.);
#575 = EDGE_CURVE('',#576,#578,#580,.T.);
#576 = VERTEX_POINT('',#577);
#577 = CARTESIAN_POINT('',(153.254421,-84.,1.51));
#578 = VERTEX_POINT('',#579);
#579 = CARTESIAN_POINT('',(153.254421,-84.,1.545));
#580 = LINE('',#581,#582);
#581 = CARTESIAN_POINT('',(153.254421,-84.,1.51));
#582 = VECTOR('',#583,1.);
#583 = DIRECTION('',(0.,0.,1.));
#584 = ORIENTED_EDGE('',*,*,#585,.T.);
#585 = EDGE_CURVE('',#578,#578,#586,.T.);
#586 = CIRCLE('',#587,3.254421);
#587 = AXIS2_PLACEMENT_3D('',#588,#589,#590);
#588 = CARTESIAN_POINT('',(150.,-84.,1.545));
#589 = DIRECTION('',(0.,0.,1.));
#590 = DIRECTION('',(1.,0.,-0.));
#591 = ORIENTED_EDGE('',*,*,#575,.F.);
#592 = ORIENTED_EDGE('',*,*,#593,.F.);
#593 = EDGE_CURVE('',#576,#576,#594,.T.);
#594 = CIRCLE('',#595,3.254421);
#595 = AXIS2_PLACEMENT_3D('',#596,#597,#598);
#596 = CARTESIAN_POINT('',(150.,-84.,1.51));
#597 = DIRECTION('',(0.,0.,1.));
#598 = DIRECTION('',(1.,0.,-0.));
#599 = CYLINDRICAL_SURFACE('',#600,3.254421);
#600 = AXIS2_PLACEMENT_3D('',#601,#602,#603);
#601 = CARTESIAN_POINT('',(150.,-84.,1.51));
#602 = DIRECTION('',(-0.,-0.,-1.));
#603 = DIRECTION('',(1.,0.,-0.));
#604 = ADVANCED_FACE('',(#605),#632,.F.);
#605 = FACE_BOUND('',#606,.T.);
#606 = EDGE_LOOP('',(#607,#617,#624,#625));
#607 = ORIENTED_EDGE('',*,*,#608,.T.);
#608 = EDGE_CURVE('',#609,#611,#613,.T.);
#609 = VERTEX_POINT('',#610);
#610 = CARTESIAN_POINT('',(153.254421,-72.,1.51));
#611 = VERTEX_POINT('',#612);
#612 = CARTESIAN_POINT('',(153.254421,-72.,1.545));
#613 = LINE('',#614,#615);
#614 = CARTESIAN_POINT('',(153.254421,-72.,1.51));
#615 = VECTOR('',#616,1.);
#616 = DIRECTION('',(0.,0.,1.));
#617 = ORIENTED_EDGE('',*,*,#618,.T.);
#618 = EDGE_CURVE('',#611,#611,#619,.T.);
#619 = CIRCLE('',#620,3.254421);
#620 = AXIS2_PLACEMENT_3D('',#621,#622,#623);
#621 = CARTESIAN_POINT('',(150.,-72.,1.545));
#622 = DIRECTION('',(0.,0.,1.));
#623 = DIRECTION('',(1.,0.,-0.));
#624 = ORIENTED_EDGE('',*,*,#608,.F.);
#625 = ORIENTED_EDGE('',*,*,#626,.F.);
#626 = EDGE_CURVE('',#609,#609,#627,.T.);
#627 = CIRCLE('',#628,3.254421);
#628 = AXIS2_PLACEMENT_3D('',#629,#630,#631);
#629 = CARTESIAN_POINT('',(150.,-72.,1.51));
#630 = DIRECTION('',(0.,0.,1.));
#631 = DIRECTION('',(1.,0.,-0.));
#632 = CYLINDRICAL_SURFACE('',#633,3.254421);
#633 = AXIS2_PLACEMENT_3D('',#634,#635,#636);
#634 = CARTESIAN_POINT('',(150.,-72.,1.51));
#635 = DIRECTION('',(-0.,-0.,-1.));
#636 = DIRECTION('',(1.,0.,-0.));
#637 = ADVANCED_FACE('',(#638),#665,.F.);
#638 = FACE_BOUND('',#639,.T.);
#639 = EDGE_LOOP('',(#640,#650,#657,#658));
#640 = ORIENTED_EDGE('',*,*,#641,.T.);
#641 = EDGE_CURVE('',#642,#644,#646,.T.);
#642 = VERTEX_POINT('',#643);
#643 = CARTESIAN_POINT('',(151.854469,-55.75,1.51));
#644 = VERTEX_POINT('',#645);
#645 = CARTESIAN_POINT('',(151.854469,-55.75,1.545));
#646 = LINE('',#647,#648);
#647 = CARTESIAN_POINT('',(151.854469,-55.75,1.51));
#648 = VECTOR('',#649,1.);
#649 = DIRECTION('',(0.,0.,1.));
#650 = ORIENTED_EDGE('',*,*,#651,.T.);
#651 = EDGE_CURVE('',#644,#644,#652,.T.);
#652 = CIRCLE('',#653,1.854471);
#653 = AXIS2_PLACEMENT_3D('',#654,#655,#656);
#654 = CARTESIAN_POINT('',(149.999998,-55.75,1.545));
#655 = DIRECTION('',(0.,0.,1.));
#656 = DIRECTION('',(1.,0.,-0.));
#657 = ORIENTED_EDGE('',*,*,#641,.F.);
#658 = ORIENTED_EDGE('',*,*,#659,.F.);
#659 = EDGE_CURVE('',#642,#642,#660,.T.);
#660 = CIRCLE('',#661,1.854471);
#661 = AXIS2_PLACEMENT_3D('',#662,#663,#664);
#662 = CARTESIAN_POINT('',(149.999998,-55.75,1.51));
#663 = DIRECTION('',(0.,0.,1.));
#664 = DIRECTION('',(1.,0.,-0.));
#665 = CYLINDRICAL_SURFACE('',#666,1.854471);
#666 = AXIS2_PLACEMENT_3D('',#667,#668,#669);
#667 = CARTESIAN_POINT('',(149.999998,-55.75,1.51));
#668 = DIRECTION('',(-0.,-0.,-1.));
#669 = DIRECTION('',(1.,0.,-0.));
#670 = ADVANCED_FACE('',(#671,#681,#684,#687,#690,#693,#696,#699,#702,
    #705,#708,#711),#714,.F.);
#671 = FACE_BOUND('',#672,.T.);
#672 = EDGE_LOOP('',(#673,#674,#675,#676,#677,#678,#679,#680));
#673 = ORIENTED_EDGE('',*,*,#82,.T.);
#674 = ORIENTED_EDGE('',*,*,#114,.T.);
#675 = ORIENTED_EDGE('',*,*,#146,.T.);
#676 = ORIENTED_EDGE('',*,*,#178,.T.);
#677 = ORIENTED_EDGE('',*,*,#210,.T.);
#678 = ORIENTED_EDGE('',*,*,#242,.T.);
#679 = ORIENTED_EDGE('',*,*,#274,.T.);
#680 = ORIENTED_EDGE('',*,*,#297,.T.);
#681 = FACE_BOUND('',#682,.T.);
#682 = EDGE_LOOP('',(#683));
#683 = ORIENTED_EDGE('',*,*,#329,.T.);
#684 = FACE_BOUND('',#685,.T.);
#685 = EDGE_LOOP('',(#686));
#686 = ORIENTED_EDGE('',*,*,#362,.T.);
#687 = FACE_BOUND('',#688,.T.);
#688 = EDGE_LOOP('',(#689));
#689 = ORIENTED_EDGE('',*,*,#395,.T.);
#690 = FACE_BOUND('',#691,.T.);
#691 = EDGE_LOOP('',(#692));
#692 = ORIENTED_EDGE('',*,*,#428,.T.);
#693 = FACE_BOUND('',#694,.T.);
#694 = EDGE_LOOP('',(#695));
#695 = ORIENTED_EDGE('',*,*,#461,.T.);
#696 = FACE_BOUND('',#697,.T.);
#697 = EDGE_LOOP('',(#698));
#698 = ORIENTED_EDGE('',*,*,#494,.T.);
#699 = FACE_BOUND('',#700,.T.);
#700 = EDGE_LOOP('',(#701));
#701 = ORIENTED_EDGE('',*,*,#527,.T.);
#702 = FACE_BOUND('',#703,.T.);
#703 = EDGE_LOOP('',(#704));
#704 = ORIENTED_EDGE('',*,*,#560,.T.);
#705 = FACE_BOUND('',#706,.T.);
#706 = EDGE_LOOP('',(#707));
#707 = ORIENTED_EDGE('',*,*,#593,.T.);
#708 = FACE_BOUND('',#709,.T.);
#709 = EDGE_LOOP('',(#710));
#710 = ORIENTED_EDGE('',*,*,#626,.T.);
#711 = FACE_BOUND('',#712,.T.);
#712 = EDGE_LOOP('',(#713));
#713 = ORIENTED_EDGE('',*,*,#659,.T.);
#714 = PLANE('',#715);
#715 = AXIS2_PLACEMENT_3D('',#716,#717,#718);
#716 = CARTESIAN_POINT('',(0.,0.,1.51));
#717 = DIRECTION('',(0.,0.,1.));
#718 = DIRECTION('',(1.,0.,-0.));
#719 = ADVANCED_FACE('',(#720,#730,#733,#736,#739,#742,#745,#748,#751,
    #754,#757,#760),#763,.T.);
#720 = FACE_BOUND('',#721,.F.);
#721 = EDGE_LOOP('',(#722,#723,#724,#725,#726,#727,#728,#729));
#722 = ORIENTED_EDGE('',*,*,#65,.T.);
#723 = ORIENTED_EDGE('',*,*,#98,.T.);
#724 = ORIENTED_EDGE('',*,*,#129,.T.);
#725 = ORIENTED_EDGE('',*,*,#162,.T.);
#726 = ORIENTED_EDGE('',*,*,#193,.T.);
#727 = ORIENTED_EDGE('',*,*,#226,.T.);
#728 = ORIENTED_EDGE('',*,*,#257,.T.);
#729 = ORIENTED_EDGE('',*,*,#290,.T.);
#730 = FACE_BOUND('',#731,.F.);
#731 = EDGE_LOOP('',(#732));
#732 = ORIENTED_EDGE('',*,*,#321,.T.);
#733 = FACE_BOUND('',#734,.F.);
#734 = EDGE_LOOP('',(#735));
#735 = ORIENTED_EDGE('',*,*,#354,.T.);
#736 = FACE_BOUND('',#737,.F.);
#737 = EDGE_LOOP('',(#738));
#738 = ORIENTED_EDGE('',*,*,#387,.T.);
#739 = FACE_BOUND('',#740,.F.);
#740 = EDGE_LOOP('',(#741));
#741 = ORIENTED_EDGE('',*,*,#420,.T.);
#742 = FACE_BOUND('',#743,.F.);
#743 = EDGE_LOOP('',(#744));
#744 = ORIENTED_EDGE('',*,*,#453,.T.);
#745 = FACE_BOUND('',#746,.F.);
#746 = EDGE_LOOP('',(#747));
#747 = ORIENTED_EDGE('',*,*,#486,.T.);
#748 = FACE_BOUND('',#749,.F.);
#749 = EDGE_LOOP('',(#750));
#750 = ORIENTED_EDGE('',*,*,#519,.T.);
#751 = FACE_BOUND('',#752,.F.);
#752 = EDGE_LOOP('',(#753));
#753 = ORIENTED_EDGE('',*,*,#552,.T.);
#754 = FACE_BOUND('',#755,.F.);
#755 = EDGE_LOOP('',(#756));
#756 = ORIENTED_EDGE('',*,*,#585,.T.);
#757 = FACE_BOUND('',#758,.F.);
#758 = EDGE_LOOP('',(#759));
#759 = ORIENTED_EDGE('',*,*,#618,.T.);
#760 = FACE_BOUND('',#761,.F.);
#761 = EDGE_LOOP('',(#762));
#762 = ORIENTED_EDGE('',*,*,#651,.T.);
#763 = PLANE('',#764);
#764 = AXIS2_PLACEMENT_3D('',#765,#766,#767);
#765 = CARTESIAN_POINT('',(0.,0.,1.545));
#766 = DIRECTION('',(0.,0.,1.));
#767 = DIRECTION('',(1.,0.,-0.));
#768 = ( GEOMETRIC_REPRESENTATION_CONTEXT(3) 
GLOBAL_UNCERTAINTY_ASSIGNED_CONTEXT((#772)) GLOBAL_UNIT_ASSIGNED_CONTEXT
((#769,#770,#771)) REPRESENTATION_CONTEXT('Context #1',
  '3D Context with UNIT and UNCERTAINTY') );
#769 = ( LENGTH_UNIT() NAMED_UNIT(*) SI_UNIT(.MILLI.,.METRE.) );
#770 = ( NAMED_UNIT(*) PLANE_ANGLE_UNIT() SI_UNIT($,.RADIAN.) );
#771 = ( NAMED_UNIT(*) SI_UNIT($,.STERADIAN.) SOLID_ANGLE_UNIT() );
#772 = UNCERTAINTY_MEASURE_WITH_UNIT(LENGTH_MEASURE(1.E-07),#769,
  'distance_accuracy_value','confusion accuracy');
#773 = CONTEXT_DEPENDENT_SHAPE_REPRESENTATION(#774,#776);
#774 = ( REPRESENTATION_RELATIONSHIP('','',#48,#10) 
REPRESENTATION_RELATIONSHIP_WITH_TRANSFORMATION(#775) 
SHAPE_REPRESENTATION_RELATIONSHIP() );
#775 = ITEM_DEFINED_TRANSFORMATION('','',#11,#15);
#776 = PRODUCT_DEFINITION_SHAPE('Placement','Placement of an item',#777
  );
#777 = NEXT_ASSEMBLY_USAGE_OCCURRENCE('1','=>[0:1:1:2]','',#5,#43,$);
#778 = PRODUCT_RELATED_PRODUCT_CATEGORY('part',$,(#45));
#779 = SHAPE_DEFINITION_REPRESENTATION(#780,#786);
#780 = PRODUCT_DEFINITION_SHAPE('','',#781);
#781 = PRODUCT_DEFINITION('design','',#782,#785);
#782 = PRODUCT_DEFINITION_FORMATION('','',#783);
#783 = PRODUCT('MultipleFaceplate-unsaved-export-87vEoI_silkscreen',
  'MultipleFaceplate-unsaved-export-87vEoI_silkscreen','',(#784));
#784 = PRODUCT_CONTEXT('',#2,'mechanical');
#785 = PRODUCT_DEFINITION_CONTEXT('part definition',#2,'design');
#786 = SHAPE_REPRESENTATION('',(#11,#787,#1805,#2247,#2321,#2363,#2613,
    #2679,#2769,#2859,#2949,#3084,#3169,#3259,#3349,#3439,#3725,#3831,
    #4035,#4158,#4313,#4355,#4478,#4781),#4823);
#787 = SHELL_BASED_SURFACE_MODEL('',(#788));
#788 = OPEN_SHELL('',(#789));
#789 = ADVANCED_FACE('',(#790,#1580,#1686),#1800,.T.);
#790 = FACE_BOUND('',#791,.F.);
#791 = EDGE_LOOP('',(#792,#802,#810,#818,#826,#834,#842,#850,#858,#866,
    #874,#882,#890,#898,#906,#914,#922,#930,#938,#946,#954,#962,#970,
    #978,#986,#994,#1002,#1010,#1018,#1027,#1035,#1043,#1051,#1059,#1067
    ,#1075,#1083,#1092,#1100,#1108,#1116,#1124,#1132,#1140,#1148,#1156,
    #1164,#1172,#1180,#1188,#1197,#1205,#1213,#1221,#1229,#1237,#1245,
    #1253,#1261,#1269,#1277,#1285,#1293,#1301,#1309,#1317,#1325,#1333,
    #1341,#1349,#1358,#1366,#1374,#1382,#1390,#1398,#1406,#1414,#1422,
    #1430,#1438,#1446,#1454,#1462,#1470,#1478,#1486,#1494,#1502,#1510,
    #1518,#1526,#1534,#1542,#1550,#1558,#1566,#1574));
#792 = ORIENTED_EDGE('',*,*,#793,.T.);
#793 = EDGE_CURVE('',#794,#796,#798,.T.);
#794 = VERTEX_POINT('',#795);
#795 = CARTESIAN_POINT('',(155.798005,-177.032573,1.585));
#796 = VERTEX_POINT('',#797);
#797 = CARTESIAN_POINT('',(155.955992,-176.961063,1.585));
#798 = LINE('',#799,#800);
#799 = CARTESIAN_POINT('',(155.798005,-177.032573,1.585));
#800 = VECTOR('',#801,1.);
#801 = DIRECTION('',(0.911021954637,0.412357852077,0.));
#802 = ORIENTED_EDGE('',*,*,#803,.T.);
#803 = EDGE_CURVE('',#796,#804,#806,.T.);
#804 = VERTEX_POINT('',#805);
#805 = CARTESIAN_POINT('',(156.060494,-176.946983,1.585));
#806 = LINE('',#807,#808);
#807 = CARTESIAN_POINT('',(155.955992,-176.961063,1.585));
#808 = VECTOR('',#809,1.);
#809 = DIRECTION('',(0.991045077532,0.133527728576,0.));
#810 = ORIENTED_EDGE('',*,*,#811,.T.);
#811 = EDGE_CURVE('',#804,#812,#814,.T.);
#812 = VERTEX_POINT('',#813);
#813 = CARTESIAN_POINT('',(156.142484,-176.954305,1.585));
#814 = LINE('',#815,#816);
#815 = CARTESIAN_POINT('',(156.060494,-176.946983,1.585));
#816 = VECTOR('',#817,1.);
#817 = DIRECTION('',(0.996036129458,-8.894958580203E-02,0.));
#818 = ORIENTED_EDGE('',*,*,#819,.T.);
#819 = EDGE_CURVE('',#812,#820,#822,.T.);
#820 = VERTEX_POINT('',#821);
#821 = CARTESIAN_POINT('',(156.209685,-176.985646,1.585));
#822 = LINE('',#823,#824);
#823 = CARTESIAN_POINT('',(156.142484,-176.954305,1.585));
#824 = VECTOR('',#825,1.);
#825 = DIRECTION('',(0.906283719168,-0.422669871615,0.));
#826 = ORIENTED_EDGE('',*,*,#827,.T.);
#827 = EDGE_CURVE('',#820,#828,#830,.T.);
#828 = VERTEX_POINT('',#829);
#829 = CARTESIAN_POINT('',(156.282583,-177.051648,1.585));
#830 = LINE('',#831,#832);
#831 = CARTESIAN_POINT('',(156.209685,-176.985646,1.585));
#832 = VECTOR('',#833,1.);
#833 = DIRECTION('',(0.741299640008,-0.671174227548,0.));
#834 = ORIENTED_EDGE('',*,*,#835,.T.);
#835 = EDGE_CURVE('',#828,#836,#838,.T.);
#836 = VERTEX_POINT('',#837);
#837 = CARTESIAN_POINT('',(156.347071,-177.1279,1.585));
#838 = LINE('',#839,#840);
#839 = CARTESIAN_POINT('',(156.282583,-177.051648,1.585));
#840 = VECTOR('',#841,1.);
#841 = DIRECTION('',(0.645750100072,-0.763548825064,0.));
#842 = ORIENTED_EDGE('',*,*,#843,.T.);
#843 = EDGE_CURVE('',#836,#844,#846,.T.);
#844 = VERTEX_POINT('',#845);
#845 = CARTESIAN_POINT('',(156.376982,-177.197452,1.585));
#846 = LINE('',#847,#848);
#847 = CARTESIAN_POINT('',(156.347071,-177.1279,1.585));
#848 = VECTOR('',#849,1.);
#849 = DIRECTION('',(0.395068325502,-0.918651739336,0.));
#850 = ORIENTED_EDGE('',*,*,#851,.T.);
#851 = EDGE_CURVE('',#844,#852,#854,.T.);
#852 = VERTEX_POINT('',#853);
#853 = CARTESIAN_POINT('',(156.383888,-177.280168,1.585));
#854 = LINE('',#855,#856);
#855 = CARTESIAN_POINT('',(156.376982,-177.197452,1.585));
#856 = VECTOR('',#857,1.);
#857 = DIRECTION('',(8.320101805948E-02,-0.996532784505,0.));
#858 = ORIENTED_EDGE('',*,*,#859,.T.);
#859 = EDGE_CURVE('',#852,#860,#862,.T.);
#860 = VERTEX_POINT('',#861);
#861 = CARTESIAN_POINT('',(156.375808,-177.367185,1.585));
#862 = LINE('',#863,#864);
#863 = CARTESIAN_POINT('',(156.383888,-177.280168,1.585));
#864 = VECTOR('',#865,1.);
#865 = DIRECTION('',(-9.245768351766E-02,-0.995716614684,0.));
#866 = ORIENTED_EDGE('',*,*,#867,.T.);
#867 = EDGE_CURVE('',#860,#868,#870,.T.);
#868 = VERTEX_POINT('',#869);
#869 = CARTESIAN_POINT('',(156.344215,-177.43495,1.585));
#870 = LINE('',#871,#872);
#871 = CARTESIAN_POINT('',(156.375808,-177.367185,1.585));
#872 = VECTOR('',#873,1.);
#873 = DIRECTION('',(-0.422548626604,-0.906340255177,0.));
#874 = ORIENTED_EDGE('',*,*,#875,.T.);
#875 = EDGE_CURVE('',#868,#876,#878,.T.);
#876 = VERTEX_POINT('',#877);
#877 = CARTESIAN_POINT('',(156.282471,-177.504942,1.585));
#878 = LINE('',#879,#880);
#879 = CARTESIAN_POINT('',(156.344215,-177.43495,1.585));
#880 = VECTOR('',#881,1.);
#881 = DIRECTION('',(-0.661539421197,-0.749910390782,0.));
#882 = ORIENTED_EDGE('',*,*,#883,.T.);
#883 = EDGE_CURVE('',#876,#884,#886,.T.);
#884 = VERTEX_POINT('',#885);
#885 = CARTESIAN_POINT('',(156.207708,-177.569675,1.585));
#886 = LINE('',#887,#888);
#887 = CARTESIAN_POINT('',(156.282471,-177.504942,1.585));
#888 = VECTOR('',#889,1.);
#889 = DIRECTION('',(-0.755997284228,-0.654574752216,0.));
#890 = ORIENTED_EDGE('',*,*,#891,.T.);
#891 = EDGE_CURVE('',#884,#892,#894,.T.);
#892 = VERTEX_POINT('',#893);
#893 = CARTESIAN_POINT('',(156.1388,-177.599326,1.585));
#894 = LINE('',#895,#896);
#895 = CARTESIAN_POINT('',(156.207708,-177.569675,1.585));
#896 = VECTOR('',#897,1.);
#897 = DIRECTION('',(-0.918569697572,-0.395259042531,0.));
#898 = ORIENTED_EDGE('',*,*,#899,.T.);
#899 = EDGE_CURVE('',#892,#900,#902,.T.);
#900 = VERTEX_POINT('',#901);
#901 = CARTESIAN_POINT('',(156.059746,-177.605731,1.585));
#902 = LINE('',#903,#904);
#903 = CARTESIAN_POINT('',(156.1388,-177.599326,1.585));
#904 = VECTOR('',#905,1.);
#905 = DIRECTION('',(-0.996733904796,-8.075594732994E-02,0.));
#906 = ORIENTED_EDGE('',*,*,#907,.T.);
#907 = EDGE_CURVE('',#900,#908,#910,.T.);
#908 = VERTEX_POINT('',#909);
#909 = CARTESIAN_POINT('',(155.944837,-177.588828,1.585));
#910 = LINE('',#911,#912);
#911 = CARTESIAN_POINT('',(156.059746,-177.605731,1.585));
#912 = VECTOR('',#913,1.);
#913 = DIRECTION('',(-0.989353411686,0.145532906193,0.));
#914 = ORIENTED_EDGE('',*,*,#915,.T.);
#915 = EDGE_CURVE('',#908,#916,#918,.T.);
#916 = VERTEX_POINT('',#917);
#917 = CARTESIAN_POINT('',(155.846703,-177.548749,1.585));
#918 = LINE('',#919,#920);
#919 = CARTESIAN_POINT('',(155.944837,-177.588828,1.585));
#920 = VECTOR('',#921,1.);
#921 = DIRECTION('',(-0.925767397591,0.378093540751,0.));
#922 = ORIENTED_EDGE('',*,*,#923,.T.);
#923 = EDGE_CURVE('',#916,#924,#926,.T.);
#924 = VERTEX_POINT('',#925);
#925 = CARTESIAN_POINT('',(155.80975,-177.529003,1.585));
#926 = LINE('',#927,#928);
#927 = CARTESIAN_POINT('',(155.846703,-177.548749,1.585));
#928 = VECTOR('',#929,1.);
#929 = DIRECTION('',(-0.881978709627,0.471289248513,0.));
#930 = ORIENTED_EDGE('',*,*,#931,.T.);
#931 = EDGE_CURVE('',#924,#932,#934,.T.);
#932 = VERTEX_POINT('',#933);
#933 = CARTESIAN_POINT('',(155.76761,-177.514634,1.585));
#934 = LINE('',#935,#936);
#935 = CARTESIAN_POINT('',(155.80975,-177.529003,1.585));
#936 = VECTOR('',#937,1.);
#937 = DIRECTION('',(-0.946488983178,0.322736122432,0.));
#938 = ORIENTED_EDGE('',*,*,#939,.T.);
#939 = EDGE_CURVE('',#932,#940,#942,.T.);
#940 = VERTEX_POINT('',#941);
#941 = CARTESIAN_POINT('',(155.710816,-177.504617,1.585));
#942 = LINE('',#943,#944);
#943 = CARTESIAN_POINT('',(155.76761,-177.514634,1.585));
#944 = VECTOR('',#945,1.);
#945 = DIRECTION('',(-0.984799788816,0.173693338814,0.));
#946 = ORIENTED_EDGE('',*,*,#947,.T.);
#947 = EDGE_CURVE('',#940,#948,#950,.T.);
#948 = VERTEX_POINT('',#949);
#949 = CARTESIAN_POINT('',(155.517294,-177.494679,1.585));
#950 = LINE('',#951,#952);
#951 = CARTESIAN_POINT('',(155.710816,-177.504617,1.585));
#952 = VECTOR('',#953,1.);
#953 = DIRECTION('',(-0.998684019789,5.128575453266E-02,0.));
#954 = ORIENTED_EDGE('',*,*,#955,.T.);
#955 = EDGE_CURVE('',#948,#956,#958,.T.);
#956 = VERTEX_POINT('',#957);
#957 = CARTESIAN_POINT('',(154.903163,-177.49458,1.585));
#958 = LINE('',#959,#960);
#959 = CARTESIAN_POINT('',(155.517294,-177.494679,1.585));
#960 = VECTOR('',#961,1.);
#961 = DIRECTION('',(-0.999999987007,1.612033893275E-04,0.));
#962 = ORIENTED_EDGE('',*,*,#963,.T.);
#963 = EDGE_CURVE('',#956,#964,#966,.T.);
#964 = VERTEX_POINT('',#965);
#965 = CARTESIAN_POINT('',(154.739371,-177.504221,1.585));
#966 = LINE('',#967,#968);
#967 = CARTESIAN_POINT('',(154.903163,-177.49458,1.585));
#968 = VECTOR('',#969,1.);
#969 = DIRECTION('',(-0.998272165748,-5.875953617984E-02,0.));
#970 = ORIENTED_EDGE('',*,*,#971,.T.);
#971 = EDGE_CURVE('',#964,#972,#974,.T.);
#972 = VERTEX_POINT('',#973);
#973 = CARTESIAN_POINT('',(154.696437,-177.514216,1.585));
#974 = LINE('',#975,#976);
#975 = CARTESIAN_POINT('',(154.739371,-177.504221,1.585));
#976 = VECTOR('',#977,1.);
#977 = DIRECTION('',(-0.973956206765,-0.226736206424,0.));
#978 = ORIENTED_EDGE('',*,*,#979,.T.);
#979 = EDGE_CURVE('',#972,#980,#982,.T.);
#980 = VERTEX_POINT('',#981);
#981 = CARTESIAN_POINT('',(154.668067,-177.528676,1.585));
#982 = LINE('',#983,#984);
#983 = CARTESIAN_POINT('',(154.696437,-177.514216,1.585));
#984 = VECTOR('',#985,1.);
#985 = DIRECTION('',(-0.890946010046,-0.454109245867,0.));
#986 = ORIENTED_EDGE('',*,*,#987,.T.);
#987 = EDGE_CURVE('',#980,#988,#990,.T.);
#988 = VERTEX_POINT('',#989);
#989 = CARTESIAN_POINT('',(154.63809,-177.556327,1.585));
#990 = LINE('',#991,#992);
#991 = CARTESIAN_POINT('',(154.668067,-177.528676,1.585));
#992 = VECTOR('',#993,1.);
#993 = DIRECTION('',(-0.735048757473,-0.678014250689,0.));
#994 = ORIENTED_EDGE('',*,*,#995,.T.);
#995 = EDGE_CURVE('',#988,#996,#998,.T.);
#996 = VERTEX_POINT('',#997);
#997 = CARTESIAN_POINT('',(154.588402,-177.643324,1.585));
#998 = LINE('',#999,#1000);
#999 = CARTESIAN_POINT('',(154.63809,-177.556327,1.585));
#1000 = VECTOR('',#1001,1.);
#1001 = DIRECTION('',(-0.495954041525,-0.868348771344,0.));
#1002 = ORIENTED_EDGE('',*,*,#1003,.T.);
#1003 = EDGE_CURVE('',#996,#1004,#1006,.T.);
#1004 = VERTEX_POINT('',#1005);
#1005 = CARTESIAN_POINT('',(154.57325,-177.747712,1.585));
#1006 = LINE('',#1007,#1008);
#1007 = CARTESIAN_POINT('',(154.588402,-177.643324,1.585));
#1008 = VECTOR('',#1009,1.);
#1009 = DIRECTION('',(-0.143645456029,-0.989629214889,0.));
#1010 = ORIENTED_EDGE('',*,*,#1011,.T.);
#1011 = EDGE_CURVE('',#1004,#1012,#1014,.T.);
#1012 = VERTEX_POINT('',#1013);
#1013 = CARTESIAN_POINT('',(154.591875,-177.849326,1.585));
#1014 = LINE('',#1015,#1016);
#1015 = CARTESIAN_POINT('',(154.57325,-177.747712,1.585));
#1016 = VECTOR('',#1017,1.);
#1017 = DIRECTION('',(0.18028822298,-0.983613824961,0.));
#1018 = ORIENTED_EDGE('',*,*,#1019,.T.);
#1019 = EDGE_CURVE('',#1012,#1020,#1022,.T.);
#1020 = VERTEX_POINT('',#1021);
#1021 = CARTESIAN_POINT('',(154.757793,-177.977972,1.585));
#1022 = CIRCLE('',#1023,0.193306968302);
#1023 = AXIS2_PLACEMENT_3D('',#1024,#1025,#1026);
#1024 = CARTESIAN_POINT('',(154.77429569174,-177.7853707405,1.585));
#1025 = DIRECTION('',(0.,0.,1.));
#1026 = DIRECTION('',(-0.943683993123,-0.330848184404,0.));
#1027 = ORIENTED_EDGE('',*,*,#1028,.T.);
#1028 = EDGE_CURVE('',#1020,#1029,#1031,.T.);
#1029 = VERTEX_POINT('',#1030);
#1030 = CARTESIAN_POINT('',(154.925039,-177.988671,1.585));
#1031 = LINE('',#1032,#1033);
#1032 = CARTESIAN_POINT('',(154.757793,-177.977972,1.585));
#1033 = VECTOR('',#1034,1.);
#1034 = DIRECTION('',(0.997960073952,-6.384113719447E-02,0.));
#1035 = ORIENTED_EDGE('',*,*,#1036,.T.);
#1036 = EDGE_CURVE('',#1029,#1037,#1039,.T.);
#1037 = VERTEX_POINT('',#1038);
#1038 = CARTESIAN_POINT('',(155.629638,-177.993872,1.585));
#1039 = LINE('',#1040,#1041);
#1040 = CARTESIAN_POINT('',(154.925039,-177.988671,1.585));
#1041 = VECTOR('',#1042,1.);
#1042 = DIRECTION('',(0.999972757816,-7.381302433585E-03,0.));
#1043 = ORIENTED_EDGE('',*,*,#1044,.T.);
#1044 = EDGE_CURVE('',#1037,#1045,#1047,.T.);
#1045 = VERTEX_POINT('',#1046);
#1046 = CARTESIAN_POINT('',(155.830138,-178.006716,1.585));
#1047 = LINE('',#1048,#1049);
#1048 = CARTESIAN_POINT('',(155.629638,-177.993872,1.585));
#1049 = VECTOR('',#1050,1.);
#1050 = DIRECTION('',(0.99795446129,-6.392881347036E-02,0.));
#1051 = ORIENTED_EDGE('',*,*,#1052,.T.);
#1052 = EDGE_CURVE('',#1045,#1053,#1055,.T.);
#1053 = VERTEX_POINT('',#1054);
#1054 = CARTESIAN_POINT('',(155.898924,-178.018877,1.585));
#1055 = LINE('',#1056,#1057);
#1056 = CARTESIAN_POINT('',(155.830138,-178.006716,1.585));
#1057 = VECTOR('',#1058,1.);
#1058 = DIRECTION('',(0.984728889028,-0.174094845164,0.));
#1059 = ORIENTED_EDGE('',*,*,#1060,.T.);
#1060 = EDGE_CURVE('',#1053,#1061,#1063,.T.);
#1061 = VERTEX_POINT('',#1062);
#1062 = CARTESIAN_POINT('',(155.99752,-178.049434,1.585));
#1063 = LINE('',#1064,#1065);
#1064 = CARTESIAN_POINT('',(155.898924,-178.018877,1.585));
#1065 = VECTOR('',#1066,1.);
#1066 = DIRECTION('',(0.955178585438,-0.296030184137,0.));
#1067 = ORIENTED_EDGE('',*,*,#1068,.T.);
#1068 = EDGE_CURVE('',#1061,#1069,#1071,.T.);
#1069 = VERTEX_POINT('',#1070);
#1070 = CARTESIAN_POINT('',(156.165984,-178.140496,1.585));
#1071 = LINE('',#1072,#1073);
#1072 = CARTESIAN_POINT('',(155.99752,-178.049434,1.585));
#1073 = VECTOR('',#1074,1.);
#1074 = DIRECTION('',(0.879705687041,-0.475518563452,0.));
#1075 = ORIENTED_EDGE('',*,*,#1076,.T.);
#1076 = EDGE_CURVE('',#1069,#1077,#1079,.T.);
#1077 = VERTEX_POINT('',#1078);
#1078 = CARTESIAN_POINT('',(156.293592,-178.269282,1.585));
#1079 = LINE('',#1080,#1081);
#1080 = CARTESIAN_POINT('',(156.165984,-178.140496,1.585));
#1081 = VECTOR('',#1082,1.);
#1082 = DIRECTION('',(0.703850556364,-0.710348079681,0.));
#1083 = ORIENTED_EDGE('',*,*,#1084,.T.);
#1084 = EDGE_CURVE('',#1077,#1085,#1087,.T.);
#1085 = VERTEX_POINT('',#1086);
#1086 = CARTESIAN_POINT('',(156.412101,-178.654638,1.585));
#1087 = CIRCLE('',#1088,0.64340324711);
#1088 = AXIS2_PLACEMENT_3D('',#1089,#1090,#1091);
#1089 = CARTESIAN_POINT('',(155.76883061688,-178.6415631158,1.585));
#1090 = DIRECTION('',(0.,0.,-1.));
#1091 = DIRECTION('',(0.815602634077,0.578612429254,0.));
#1092 = ORIENTED_EDGE('',*,*,#1093,.T.);
#1093 = EDGE_CURVE('',#1085,#1094,#1096,.T.);
#1094 = VERTEX_POINT('',#1095);
#1095 = CARTESIAN_POINT('',(156.390152,-178.857204,1.585));
#1096 = LINE('',#1097,#1098);
#1097 = CARTESIAN_POINT('',(156.412101,-178.654638,1.585));
#1098 = VECTOR('',#1099,1.);
#1099 = DIRECTION('',(-0.107724270524,-0.99418080928,0.));
#1100 = ORIENTED_EDGE('',*,*,#1101,.T.);
#1101 = EDGE_CURVE('',#1094,#1102,#1104,.T.);
#1102 = VERTEX_POINT('',#1103);
#1103 = CARTESIAN_POINT('',(156.323457,-179.02561,1.585));
#1104 = LINE('',#1105,#1106);
#1105 = CARTESIAN_POINT('',(156.390152,-178.857204,1.585));
#1106 = VECTOR('',#1107,1.);
#1107 = DIRECTION('',(-0.368212118913,-0.929741811196,0.));
#1108 = ORIENTED_EDGE('',*,*,#1109,.T.);
#1109 = EDGE_CURVE('',#1102,#1110,#1112,.T.);
#1110 = VERTEX_POINT('',#1111);
#1111 = CARTESIAN_POINT('',(156.210716,-179.162072,1.585));
#1112 = LINE('',#1113,#1114);
#1113 = CARTESIAN_POINT('',(156.323457,-179.02561,1.585));
#1114 = VECTOR('',#1115,1.);
#1115 = DIRECTION('',(-0.636920135132,-0.77092979023,0.));
#1116 = ORIENTED_EDGE('',*,*,#1117,.T.);
#1117 = EDGE_CURVE('',#1110,#1118,#1120,.T.);
#1118 = VERTEX_POINT('',#1119);
#1119 = CARTESIAN_POINT('',(156.061921,-179.263444,1.585));
#1120 = LINE('',#1121,#1122);
#1121 = CARTESIAN_POINT('',(156.210716,-179.162072,1.585));
#1122 = VECTOR('',#1123,1.);
#1123 = DIRECTION('',(-0.826431868013,-0.563036737285,0.));
#1124 = ORIENTED_EDGE('',*,*,#1125,.T.);
#1125 = EDGE_CURVE('',#1118,#1126,#1128,.T.);
#1126 = VERTEX_POINT('',#1127);
#1127 = CARTESIAN_POINT('',(155.964775,-179.308461,1.585));
#1128 = LINE('',#1129,#1130);
#1129 = CARTESIAN_POINT('',(156.061921,-179.263444,1.585));
#1130 = VECTOR('',#1131,1.);
#1131 = DIRECTION('',(-0.907317297909,-0.420446573199,0.));
#1132 = ORIENTED_EDGE('',*,*,#1133,.T.);
#1133 = EDGE_CURVE('',#1126,#1134,#1136,.T.);
#1134 = VERTEX_POINT('',#1135);
#1135 = CARTESIAN_POINT('',(155.913195,-179.322653,1.585));
#1136 = LINE('',#1137,#1138);
#1137 = CARTESIAN_POINT('',(155.964775,-179.308461,1.585));
#1138 = VECTOR('',#1139,1.);
#1139 = DIRECTION('',(-0.964169540929,-0.265286819017,0.));
#1140 = ORIENTED_EDGE('',*,*,#1141,.T.);
#1141 = EDGE_CURVE('',#1134,#1142,#1144,.T.);
#1142 = VERTEX_POINT('',#1143);
#1143 = CARTESIAN_POINT('',(155.76075,-179.33943,1.585));
#1144 = LINE('',#1145,#1146);
#1145 = CARTESIAN_POINT('',(155.913195,-179.322653,1.585));
#1146 = VECTOR('',#1147,1.);
#1147 = DIRECTION('',(-0.993998649818,-0.109392340503,0.));
#1148 = ORIENTED_EDGE('',*,*,#1149,.T.);
#1149 = EDGE_CURVE('',#1142,#1150,#1152,.T.);
#1150 = VERTEX_POINT('',#1151);
#1151 = CARTESIAN_POINT('',(154.836524,-179.36465,1.585));
#1152 = LINE('',#1153,#1154);
#1153 = CARTESIAN_POINT('',(155.76075,-179.33943,1.585));
#1154 = VECTOR('',#1155,1.);
#1155 = DIRECTION('',(-0.99962789856,-2.727754423887E-02,0.));
#1156 = ORIENTED_EDGE('',*,*,#1157,.T.);
#1157 = EDGE_CURVE('',#1150,#1158,#1160,.T.);
#1158 = VERTEX_POINT('',#1159);
#1159 = CARTESIAN_POINT('',(154.695697,-179.382939,1.585));
#1160 = LINE('',#1161,#1162);
#1161 = CARTESIAN_POINT('',(154.836524,-179.36465,1.585));
#1162 = VECTOR('',#1163,1.);
#1163 = DIRECTION('',(-0.991672272081,-0.128787052086,0.));
#1164 = ORIENTED_EDGE('',*,*,#1165,.T.);
#1165 = EDGE_CURVE('',#1158,#1166,#1168,.T.);
#1166 = VERTEX_POINT('',#1167);
#1167 = CARTESIAN_POINT('',(154.653549,-179.396888,1.585));
#1168 = LINE('',#1169,#1170);
#1169 = CARTESIAN_POINT('',(154.695697,-179.382939,1.585));
#1170 = VECTOR('',#1171,1.);
#1171 = DIRECTION('',(-0.949359102606,-0.314193084423,0.));
#1172 = ORIENTED_EDGE('',*,*,#1173,.T.);
#1173 = EDGE_CURVE('',#1166,#1174,#1176,.T.);
#1174 = VERTEX_POINT('',#1175);
#1175 = CARTESIAN_POINT('',(154.620481,-179.414145,1.585));
#1176 = LINE('',#1177,#1178);
#1177 = CARTESIAN_POINT('',(154.653549,-179.396888,1.585));
#1178 = VECTOR('',#1179,1.);
#1179 = DIRECTION('',(-0.886539428922,-0.462653045993,0.));
#1180 = ORIENTED_EDGE('',*,*,#1181,.T.);
#1181 = EDGE_CURVE('',#1174,#1182,#1184,.T.);
#1182 = VERTEX_POINT('',#1183);
#1183 = CARTESIAN_POINT('',(154.487183,-179.46467,1.585));
#1184 = LINE('',#1185,#1186);
#1185 = CARTESIAN_POINT('',(154.620481,-179.414145,1.585));
#1186 = VECTOR('',#1187,1.);
#1187 = DIRECTION('',(-0.935081963877,-0.354431546046,0.));
#1188 = ORIENTED_EDGE('',*,*,#1189,.T.);
#1189 = EDGE_CURVE('',#1182,#1190,#1192,.T.);
#1190 = VERTEX_POINT('',#1191);
#1191 = CARTESIAN_POINT('',(154.189154,-179.379522,1.585));
#1192 = CIRCLE('',#1193,0.35535005868);
#1193 = AXIS2_PLACEMENT_3D('',#1194,#1195,#1196);
#1194 = CARTESIAN_POINT('',(154.42601434222,-179.1146242036,1.585));
#1195 = DIRECTION('',(0.,0.,-1.));
#1196 = DIRECTION('',(0.172136337911,-0.985073134935,0.));
#1197 = ORIENTED_EDGE('',*,*,#1198,.T.);
#1198 = EDGE_CURVE('',#1190,#1199,#1201,.T.);
#1199 = VERTEX_POINT('',#1200);
#1200 = CARTESIAN_POINT('',(154.126998,-179.317762,1.585));
#1201 = LINE('',#1202,#1203);
#1202 = CARTESIAN_POINT('',(154.189154,-179.379522,1.585));
#1203 = VECTOR('',#1204,1.);
#1204 = DIRECTION('',(-0.709362869474,0.704843471567,0.));
#1205 = ORIENTED_EDGE('',*,*,#1206,.T.);
#1206 = EDGE_CURVE('',#1199,#1207,#1209,.T.);
#1207 = VERTEX_POINT('',#1208);
#1208 = CARTESIAN_POINT('',(154.097095,-179.259311,1.585));
#1209 = LINE('',#1210,#1211);
#1210 = CARTESIAN_POINT('',(154.126998,-179.317762,1.585));
#1211 = VECTOR('',#1212,1.);
#1212 = DIRECTION('',(-0.455449696796,0.890261519829,0.));
#1213 = ORIENTED_EDGE('',*,*,#1214,.T.);
#1214 = EDGE_CURVE('',#1207,#1215,#1217,.T.);
#1215 = VERTEX_POINT('',#1216);
#1216 = CARTESIAN_POINT('',(154.087915,-179.146671,1.585));
#1217 = LINE('',#1218,#1219);
#1218 = CARTESIAN_POINT('',(154.097095,-179.259311,1.585));
#1219 = VECTOR('',#1220,1.);
#1220 = DIRECTION('',(-8.122926287471E-02,0.996695443379,0.));
#1221 = ORIENTED_EDGE('',*,*,#1222,.T.);
#1222 = EDGE_CURVE('',#1215,#1223,#1225,.T.);
#1223 = VERTEX_POINT('',#1224);
#1224 = CARTESIAN_POINT('',(154.093096,-179.053859,1.585));
#1225 = LINE('',#1226,#1227);
#1226 = CARTESIAN_POINT('',(154.087915,-179.146671,1.585));
#1227 = VECTOR('',#1228,1.);
#1228 = DIRECTION('',(5.573574990459E-02,0.998445554942,0.));
#1229 = ORIENTED_EDGE('',*,*,#1230,.T.);
#1230 = EDGE_CURVE('',#1223,#1231,#1233,.T.);
#1231 = VERTEX_POINT('',#1232);
#1232 = CARTESIAN_POINT('',(154.116628,-178.989981,1.585));
#1233 = LINE('',#1234,#1235);
#1234 = CARTESIAN_POINT('',(154.093096,-179.053859,1.585));
#1235 = VECTOR('',#1236,1.);
#1236 = DIRECTION('',(0.345679490382,0.938352646892,0.));
#1237 = ORIENTED_EDGE('',*,*,#1238,.T.);
#1238 = EDGE_CURVE('',#1231,#1239,#1241,.T.);
#1239 = VERTEX_POINT('',#1240);
#1240 = CARTESIAN_POINT('',(154.194491,-178.905771,1.585));
#1241 = LINE('',#1242,#1243);
#1242 = CARTESIAN_POINT('',(154.116628,-178.989981,1.585));
#1243 = VECTOR('',#1244,1.);
#1244 = DIRECTION('',(0.678895132431,0.734235247833,0.));
#1245 = ORIENTED_EDGE('',*,*,#1246,.T.);
#1246 = EDGE_CURVE('',#1239,#1247,#1249,.T.);
#1247 = VERTEX_POINT('',#1248);
#1248 = CARTESIAN_POINT('',(154.310151,-178.831564,1.585));
#1249 = LINE('',#1250,#1251);
#1250 = CARTESIAN_POINT('',(154.194491,-178.905771,1.585));
#1251 = VECTOR('',#1252,1.);
#1252 = DIRECTION('',(0.84166094589,0.540006344559,0.));
#1253 = ORIENTED_EDGE('',*,*,#1254,.T.);
#1254 = EDGE_CURVE('',#1247,#1255,#1257,.T.);
#1255 = VERTEX_POINT('',#1256);
#1256 = CARTESIAN_POINT('',(154.433667,-178.80623,1.585));
#1257 = LINE('',#1258,#1259);
#1258 = CARTESIAN_POINT('',(154.310151,-178.831564,1.585));
#1259 = VECTOR('',#1260,1.);
#1260 = DIRECTION('',(0.979606783534,0.200924238593,0.));
#1261 = ORIENTED_EDGE('',*,*,#1262,.T.);
#1262 = EDGE_CURVE('',#1255,#1263,#1265,.T.);
#1263 = VERTEX_POINT('',#1264);
#1264 = CARTESIAN_POINT('',(154.552018,-178.830861,1.585));
#1265 = LINE('',#1266,#1267);
#1266 = CARTESIAN_POINT('',(154.433667,-178.80623,1.585));
#1267 = VECTOR('',#1268,1.);
#1268 = DIRECTION('',(0.979022448105,-0.203752413746,0.));
#1269 = ORIENTED_EDGE('',*,*,#1270,.T.);
#1270 = EDGE_CURVE('',#1263,#1271,#1273,.T.);
#1271 = VERTEX_POINT('',#1272);
#1272 = CARTESIAN_POINT('',(154.638583,-178.885347,1.585));
#1273 = LINE('',#1274,#1275);
#1274 = CARTESIAN_POINT('',(154.552018,-178.830861,1.585));
#1275 = VECTOR('',#1276,1.);
#1276 = DIRECTION('',(0.846311687101,-0.532688021526,0.));
#1277 = ORIENTED_EDGE('',*,*,#1278,.T.);
#1278 = EDGE_CURVE('',#1271,#1279,#1281,.T.);
#1279 = VERTEX_POINT('',#1280);
#1280 = CARTESIAN_POINT('',(154.67115,-178.899105,1.585));
#1281 = LINE('',#1282,#1283);
#1282 = CARTESIAN_POINT('',(154.638583,-178.885347,1.585));
#1283 = VECTOR('',#1284,1.);
#1284 = DIRECTION('',(0.921173637747,-0.389151807293,0.));
#1285 = ORIENTED_EDGE('',*,*,#1286,.T.);
#1286 = EDGE_CURVE('',#1279,#1287,#1289,.T.);
#1287 = VERTEX_POINT('',#1288);
#1288 = CARTESIAN_POINT('',(154.717753,-178.90903,1.585));
#1289 = LINE('',#1290,#1291);
#1290 = CARTESIAN_POINT('',(154.67115,-178.899105,1.585));
#1291 = VECTOR('',#1292,1.);
#1292 = DIRECTION('',(0.978065463156,-0.208297743103,0.));
#1293 = ORIENTED_EDGE('',*,*,#1294,.T.);
#1294 = EDGE_CURVE('',#1287,#1295,#1297,.T.);
#1295 = VERTEX_POINT('',#1296);
#1296 = CARTESIAN_POINT('',(154.885503,-178.919695,1.585));
#1297 = LINE('',#1298,#1299);
#1298 = CARTESIAN_POINT('',(154.717753,-178.90903,1.585));
#1299 = VECTOR('',#1300,1.);
#1300 = DIRECTION('',(0.997985104466,-6.344865060578E-02,0.));
#1301 = ORIENTED_EDGE('',*,*,#1302,.T.);
#1302 = EDGE_CURVE('',#1295,#1303,#1305,.T.);
#1303 = VERTEX_POINT('',#1304);
#1304 = CARTESIAN_POINT('',(155.624859,-178.920615,1.585));
#1305 = LINE('',#1306,#1307);
#1306 = CARTESIAN_POINT('',(154.885503,-178.919695,1.585));
#1307 = VECTOR('',#1308,1.);
#1308 = DIRECTION('',(0.999999225827,-1.244325179979E-03,0.));
#1309 = ORIENTED_EDGE('',*,*,#1310,.T.);
#1310 = EDGE_CURVE('',#1303,#1311,#1313,.T.);
#1311 = VERTEX_POINT('',#1312);
#1312 = CARTESIAN_POINT('',(155.810102,-178.911938,1.585));
#1313 = LINE('',#1314,#1315);
#1314 = CARTESIAN_POINT('',(155.624859,-178.920615,1.585));
#1315 = VECTOR('',#1316,1.);
#1316 = DIRECTION('',(0.998904754083,4.678987357788E-02,0.));
#1317 = ORIENTED_EDGE('',*,*,#1318,.T.);
#1318 = EDGE_CURVE('',#1311,#1319,#1321,.T.);
#1319 = VERTEX_POINT('',#1320);
#1320 = CARTESIAN_POINT('',(155.860395,-178.903418,1.585));
#1321 = LINE('',#1322,#1323);
#1322 = CARTESIAN_POINT('',(155.810102,-178.911938,1.585));
#1323 = VECTOR('',#1324,1.);
#1324 = DIRECTION('',(0.985952240564,0.167027480755,0.));
#1325 = ORIENTED_EDGE('',*,*,#1326,.T.);
#1326 = EDGE_CURVE('',#1319,#1327,#1329,.T.);
#1327 = VERTEX_POINT('',#1328);
#1328 = CARTESIAN_POINT('',(155.89277,-178.891428,1.585));
#1329 = LINE('',#1330,#1331);
#1330 = CARTESIAN_POINT('',(155.860395,-178.903418,1.585));
#1331 = VECTOR('',#1332,1.);
#1332 = DIRECTION('',(0.937755748575,0.347295488043,0.));
#1333 = ORIENTED_EDGE('',*,*,#1334,.T.);
#1334 = EDGE_CURVE('',#1327,#1335,#1337,.T.);
#1335 = VERTEX_POINT('',#1336);
#1336 = CARTESIAN_POINT('',(155.922748,-178.868403,1.585));
#1337 = LINE('',#1338,#1339);
#1338 = CARTESIAN_POINT('',(155.89277,-178.891428,1.585));
#1339 = VECTOR('',#1340,1.);
#1340 = DIRECTION('',(0.793071250528,0.609128879291,0.));
#1341 = ORIENTED_EDGE('',*,*,#1342,.T.);
#1342 = EDGE_CURVE('',#1335,#1343,#1345,.T.);
#1343 = VERTEX_POINT('',#1344);
#1344 = CARTESIAN_POINT('',(155.986786,-178.768374,1.585));
#1345 = LINE('',#1346,#1347);
#1346 = CARTESIAN_POINT('',(155.922748,-178.868403,1.585));
#1347 = VECTOR('',#1348,1.);
#1348 = DIRECTION('',(0.53916980626,0.842197079084,0.));
#1349 = ORIENTED_EDGE('',*,*,#1350,.T.);
#1350 = EDGE_CURVE('',#1343,#1351,#1353,.T.);
#1351 = VERTEX_POINT('',#1352);
#1352 = CARTESIAN_POINT('',(155.92509,-178.475389,1.585));
#1353 = CIRCLE('',#1354,0.290692579028);
#1354 = AXIS2_PLACEMENT_3D('',#1355,#1356,#1357);
#1355 = CARTESIAN_POINT('',(155.7121057643,-178.6732270419,1.585));
#1356 = DIRECTION('',(0.,-0.,1.));
#1357 = DIRECTION('',(0.944916573409,-0.327311272793,-0.));
#1358 = ORIENTED_EDGE('',*,*,#1359,.T.);
#1359 = EDGE_CURVE('',#1351,#1360,#1362,.T.);
#1360 = VERTEX_POINT('',#1361);
#1361 = CARTESIAN_POINT('',(155.901496,-178.461835,1.585));
#1362 = LINE('',#1363,#1364);
#1363 = CARTESIAN_POINT('',(155.92509,-178.475389,1.585));
#1364 = VECTOR('',#1365,1.);
#1365 = DIRECTION('',(-0.867105542471,0.498124460568,0.));
#1366 = ORIENTED_EDGE('',*,*,#1367,.T.);
#1367 = EDGE_CURVE('',#1360,#1368,#1370,.T.);
#1368 = VERTEX_POINT('',#1369);
#1369 = CARTESIAN_POINT('',(155.862207,-178.451204,1.585));
#1370 = LINE('',#1371,#1372);
#1371 = CARTESIAN_POINT('',(155.901496,-178.461835,1.585));
#1372 = VECTOR('',#1373,1.);
#1373 = DIRECTION('',(-0.965286918791,0.26119181536,0.));
#1374 = ORIENTED_EDGE('',*,*,#1375,.T.);
#1375 = EDGE_CURVE('',#1368,#1376,#1378,.T.);
#1376 = VERTEX_POINT('',#1377);
#1377 = CARTESIAN_POINT('',(155.706894,-178.436483,1.585));
#1378 = LINE('',#1379,#1380);
#1379 = CARTESIAN_POINT('',(155.862207,-178.451204,1.585));
#1380 = VECTOR('',#1381,1.);
#1381 = DIRECTION('',(-0.995538151816,9.435988702082E-02,0.));
#1382 = ORIENTED_EDGE('',*,*,#1383,.T.);
#1383 = EDGE_CURVE('',#1376,#1384,#1386,.T.);
#1384 = VERTEX_POINT('',#1385);
#1385 = CARTESIAN_POINT('',(154.865991,-178.407628,1.585));
#1386 = LINE('',#1387,#1388);
#1387 = CARTESIAN_POINT('',(155.706894,-178.436483,1.585));
#1388 = VECTOR('',#1389,1.);
#1389 = DIRECTION('',(-0.999411783723,3.429411836961E-02,0.));
#1390 = ORIENTED_EDGE('',*,*,#1391,.T.);
#1391 = EDGE_CURVE('',#1384,#1392,#1394,.T.);
#1392 = VERTEX_POINT('',#1393);
#1393 = CARTESIAN_POINT('',(154.726694,-178.396394,1.585));
#1394 = LINE('',#1395,#1396);
#1395 = CARTESIAN_POINT('',(154.865991,-178.407628,1.585));
#1396 = VECTOR('',#1397,1.);
#1397 = DIRECTION('',(-0.996763742317,8.038682729127E-02,0.));
#1398 = ORIENTED_EDGE('',*,*,#1399,.T.);
#1399 = EDGE_CURVE('',#1392,#1400,#1402,.T.);
#1400 = VERTEX_POINT('',#1401);
#1401 = CARTESIAN_POINT('',(154.619538,-178.380227,1.585));
#1402 = LINE('',#1403,#1404);
#1403 = CARTESIAN_POINT('',(154.726694,-178.396394,1.585));
#1404 = VECTOR('',#1405,1.);
#1405 = DIRECTION('',(-0.988809285334,0.149185110642,0.));
#1406 = ORIENTED_EDGE('',*,*,#1407,.T.);
#1407 = EDGE_CURVE('',#1400,#1408,#1410,.T.);
#1408 = VERTEX_POINT('',#1409);
#1409 = CARTESIAN_POINT('',(154.536528,-178.357326,1.585));
#1410 = LINE('',#1411,#1412);
#1411 = CARTESIAN_POINT('',(154.619538,-178.380227,1.585));
#1412 = VECTOR('',#1413,1.);
#1413 = DIRECTION('',(-0.963987587912,0.26594723227,0.));
#1414 = ORIENTED_EDGE('',*,*,#1415,.T.);
#1415 = EDGE_CURVE('',#1408,#1416,#1418,.T.);
#1416 = VERTEX_POINT('',#1417);
#1417 = CARTESIAN_POINT('',(154.469883,-178.325988,1.585));
#1418 = LINE('',#1419,#1420);
#1419 = CARTESIAN_POINT('',(154.536528,-178.357326,1.585));
#1420 = VECTOR('',#1421,1.);
#1421 = DIRECTION('',(-0.904946062086,0.42552629145,0.));
#1422 = ORIENTED_EDGE('',*,*,#1423,.T.);
#1423 = EDGE_CURVE('',#1416,#1424,#1426,.T.);
#1424 = VERTEX_POINT('',#1425);
#1425 = CARTESIAN_POINT('',(154.411841,-178.284712,1.585));
#1426 = LINE('',#1427,#1428);
#1427 = CARTESIAN_POINT('',(154.469883,-178.325988,1.585));
#1428 = VECTOR('',#1429,1.);
#1429 = DIRECTION('',(-0.814944125098,0.579539535294,0.));
#1430 = ORIENTED_EDGE('',*,*,#1431,.T.);
#1431 = EDGE_CURVE('',#1424,#1432,#1434,.T.);
#1432 = VERTEX_POINT('',#1433);
#1433 = CARTESIAN_POINT('',(154.345393,-178.222976,1.585));
#1434 = LINE('',#1435,#1436);
#1435 = CARTESIAN_POINT('',(154.411841,-178.284712,1.585));
#1436 = VECTOR('',#1437,1.);
#1437 = DIRECTION('',(-0.732604977262,0.680654058455,0.));
#1438 = ORIENTED_EDGE('',*,*,#1439,.T.);
#1439 = EDGE_CURVE('',#1432,#1440,#1442,.T.);
#1440 = VERTEX_POINT('',#1441);
#1441 = CARTESIAN_POINT('',(154.251838,-178.115483,1.585));
#1442 = LINE('',#1443,#1444);
#1443 = CARTESIAN_POINT('',(154.345393,-178.222976,1.585));
#1444 = VECTOR('',#1445,1.);
#1445 = DIRECTION('',(-0.656509616143,0.754317654514,0.));
#1446 = ORIENTED_EDGE('',*,*,#1447,.T.);
#1447 = EDGE_CURVE('',#1440,#1448,#1450,.T.);
#1448 = VERTEX_POINT('',#1449);
#1449 = CARTESIAN_POINT('',(154.194496,-178.008558,1.585));
#1450 = LINE('',#1451,#1452);
#1451 = CARTESIAN_POINT('',(154.251838,-178.115483,1.585));
#1452 = VECTOR('',#1453,1.);
#1453 = DIRECTION('',(-0.472610413126,0.881271466351,0.));
#1454 = ORIENTED_EDGE('',*,*,#1455,.T.);
#1455 = EDGE_CURVE('',#1448,#1456,#1458,.T.);
#1456 = VERTEX_POINT('',#1457);
#1457 = CARTESIAN_POINT('',(154.166125,-177.883768,1.585));
#1458 = LINE('',#1459,#1460);
#1459 = CARTESIAN_POINT('',(154.194496,-178.008558,1.585));
#1460 = VECTOR('',#1461,1.);
#1461 = DIRECTION('',(-0.221692703732,0.975116580267,0.));
#1462 = ORIENTED_EDGE('',*,*,#1463,.T.);
#1463 = EDGE_CURVE('',#1456,#1464,#1466,.T.);
#1464 = VERTEX_POINT('',#1465);
#1465 = CARTESIAN_POINT('',(154.159026,-177.741877,1.585));
#1466 = LINE('',#1467,#1468);
#1467 = CARTESIAN_POINT('',(154.166125,-177.883768,1.585));
#1468 = VECTOR('',#1469,1.);
#1469 = DIRECTION('',(-4.996886173091E-02,0.998750776149,0.));
#1470 = ORIENTED_EDGE('',*,*,#1471,.T.);
#1471 = EDGE_CURVE('',#1464,#1472,#1474,.T.);
#1472 = VERTEX_POINT('',#1473);
#1473 = CARTESIAN_POINT('',(154.162058,-177.62037,1.585));
#1474 = LINE('',#1475,#1476);
#1475 = CARTESIAN_POINT('',(154.159026,-177.741877,1.585));
#1476 = VECTOR('',#1477,1.);
#1477 = DIRECTION('',(2.494552970228E-02,0.999688811855,0.));
#1478 = ORIENTED_EDGE('',*,*,#1479,.T.);
#1479 = EDGE_CURVE('',#1472,#1480,#1482,.T.);
#1480 = VERTEX_POINT('',#1481);
#1481 = CARTESIAN_POINT('',(154.175359,-177.532397,1.585));
#1482 = LINE('',#1483,#1484);
#1483 = CARTESIAN_POINT('',(154.162058,-177.62037,1.585));
#1484 = VECTOR('',#1485,1.);
#1485 = DIRECTION('',(0.14949506815,0.988762471273,0.));
#1486 = ORIENTED_EDGE('',*,*,#1487,.T.);
#1487 = EDGE_CURVE('',#1480,#1488,#1490,.T.);
#1488 = VERTEX_POINT('',#1489);
#1489 = CARTESIAN_POINT('',(154.203757,-177.456416,1.585));
#1490 = LINE('',#1491,#1492);
#1491 = CARTESIAN_POINT('',(154.175359,-177.532397,1.585));
#1492 = VECTOR('',#1493,1.);
#1493 = DIRECTION('',(0.350097790398,0.936713156286,0.));
#1494 = ORIENTED_EDGE('',*,*,#1495,.T.);
#1495 = EDGE_CURVE('',#1488,#1496,#1498,.T.);
#1496 = VERTEX_POINT('',#1497);
#1497 = CARTESIAN_POINT('',(154.237024,-177.395347,1.585));
#1498 = LINE('',#1499,#1500);
#1499 = CARTESIAN_POINT('',(154.203757,-177.456416,1.585));
#1500 = VECTOR('',#1501,1.);
#1501 = DIRECTION('',(0.478371481852,0.878157574329,0.));
#1502 = ORIENTED_EDGE('',*,*,#1503,.T.);
#1503 = EDGE_CURVE('',#1496,#1504,#1506,.T.);
#1504 = VERTEX_POINT('',#1505);
#1505 = CARTESIAN_POINT('',(154.304302,-177.294642,1.585));
#1506 = LINE('',#1507,#1508);
#1507 = CARTESIAN_POINT('',(154.237024,-177.395347,1.585));
#1508 = VECTOR('',#1509,1.);
#1509 = DIRECTION('',(0.555507840824,0.831511298049,0.));
#1510 = ORIENTED_EDGE('',*,*,#1511,.T.);
#1511 = EDGE_CURVE('',#1504,#1512,#1514,.T.);
#1512 = VERTEX_POINT('',#1513);
#1513 = CARTESIAN_POINT('',(154.379148,-177.215455,1.585));
#1514 = LINE('',#1515,#1516);
#1515 = CARTESIAN_POINT('',(154.304302,-177.294642,1.585));
#1516 = VECTOR('',#1517,1.);
#1517 = DIRECTION('',(0.686906174894,0.726746108962,0.));
#1518 = ORIENTED_EDGE('',*,*,#1519,.T.);
#1519 = EDGE_CURVE('',#1512,#1520,#1522,.T.);
#1520 = VERTEX_POINT('',#1521);
#1521 = CARTESIAN_POINT('',(154.468843,-177.155621,1.585));
#1522 = LINE('',#1523,#1524);
#1523 = CARTESIAN_POINT('',(154.379148,-177.215455,1.585));
#1524 = VECTOR('',#1525,1.);
#1525 = DIRECTION('',(0.831890450315,0.554939887442,0.));
#1526 = ORIENTED_EDGE('',*,*,#1527,.T.);
#1527 = EDGE_CURVE('',#1520,#1528,#1530,.T.);
#1528 = VERTEX_POINT('',#1529);
#1529 = CARTESIAN_POINT('',(154.580573,-177.112753,1.585));
#1530 = LINE('',#1531,#1532);
#1531 = CARTESIAN_POINT('',(154.468843,-177.155621,1.585));
#1532 = VECTOR('',#1533,1.);
#1533 = DIRECTION('',(0.933639483104,0.358214063919,0.));
#1534 = ORIENTED_EDGE('',*,*,#1535,.T.);
#1535 = EDGE_CURVE('',#1528,#1536,#1538,.T.);
#1536 = VERTEX_POINT('',#1537);
#1537 = CARTESIAN_POINT('',(154.721731,-177.084281,1.585));
#1538 = LINE('',#1539,#1540);
#1539 = CARTESIAN_POINT('',(154.580573,-177.112753,1.585));
#1540 = VECTOR('',#1541,1.);
#1541 = DIRECTION('',(0.980258316617,0.197721098278,0.));
#1542 = ORIENTED_EDGE('',*,*,#1543,.T.);
#1543 = EDGE_CURVE('',#1536,#1544,#1546,.T.);
#1544 = VERTEX_POINT('',#1545);
#1545 = CARTESIAN_POINT('',(154.899867,-177.067655,1.585));
#1546 = LINE('',#1547,#1548);
#1547 = CARTESIAN_POINT('',(154.721731,-177.084281,1.585));
#1548 = VECTOR('',#1549,1.);
#1549 = DIRECTION('',(0.995672709523,9.292930383822E-02,0.));
#1550 = ORIENTED_EDGE('',*,*,#1551,.T.);
#1551 = EDGE_CURVE('',#1544,#1552,#1554,.T.);
#1552 = VERTEX_POINT('',#1553);
#1553 = CARTESIAN_POINT('',(155.261544,-177.05948,1.585));
#1554 = LINE('',#1555,#1556);
#1555 = CARTESIAN_POINT('',(154.899867,-177.067655,1.585));
#1556 = VECTOR('',#1557,1.);
#1557 = DIRECTION('',(0.999744649112,2.259726912821E-02,0.));
#1558 = ORIENTED_EDGE('',*,*,#1559,.T.);
#1559 = EDGE_CURVE('',#1552,#1560,#1562,.T.);
#1560 = VERTEX_POINT('',#1561);
#1561 = CARTESIAN_POINT('',(155.681167,-177.05218,1.585));
#1562 = LINE('',#1563,#1564);
#1563 = CARTESIAN_POINT('',(155.261544,-177.05948,1.585));
#1564 = VECTOR('',#1565,1.);
#1565 = DIRECTION('',(0.999848714051,1.73939360154E-02,0.));
#1566 = ORIENTED_EDGE('',*,*,#1567,.T.);
#1567 = EDGE_CURVE('',#1560,#1568,#1570,.T.);
#1568 = VERTEX_POINT('',#1569);
#1569 = CARTESIAN_POINT('',(155.749898,-177.044377,1.585));
#1570 = LINE('',#1571,#1572);
#1571 = CARTESIAN_POINT('',(155.681167,-177.05218,1.585));
#1572 = VECTOR('',#1573,1.);
#1573 = DIRECTION('',(0.993617155142,0.112804915709,0.));
#1574 = ORIENTED_EDGE('',*,*,#1575,.T.);
#1575 = EDGE_CURVE('',#1568,#794,#1576,.T.);
#1576 = LINE('',#1577,#1578);
#1577 = CARTESIAN_POINT('',(155.749898,-177.044377,1.585));
#1578 = VECTOR('',#1579,1.);
#1579 = DIRECTION('',(0.971191364507,0.238300930564,0.));
#1580 = FACE_BOUND('',#1581,.F.);
#1581 = EDGE_LOOP('',(#1582,#1592,#1600,#1608,#1616,#1624,#1632,#1640,
    #1648,#1656,#1664,#1672,#1680));
#1582 = ORIENTED_EDGE('',*,*,#1583,.T.);
#1583 = EDGE_CURVE('',#1584,#1586,#1588,.T.);
#1584 = VERTEX_POINT('',#1585);
#1585 = CARTESIAN_POINT('',(154.518457,-179.056712,1.585));
#1586 = VERTEX_POINT('',#1587);
#1587 = CARTESIAN_POINT('',(154.454982,-179.021622,1.585));
#1588 = LINE('',#1589,#1590);
#1589 = CARTESIAN_POINT('',(154.518457,-179.056712,1.585));
#1590 = VECTOR('',#1591,1.);
#1591 = DIRECTION('',(-0.875173173439,0.483809793713,0.));
#1592 = ORIENTED_EDGE('',*,*,#1593,.T.);
#1593 = EDGE_CURVE('',#1586,#1594,#1596,.T.);
#1594 = VERTEX_POINT('',#1595);
#1595 = CARTESIAN_POINT('',(154.420228,-179.017095,1.585));
#1596 = LINE('',#1597,#1598);
#1597 = CARTESIAN_POINT('',(154.454982,-179.021622,1.585));
#1598 = VECTOR('',#1599,1.);
#1599 = DIRECTION('',(-0.991622829914,0.129167190856,0.));
#1600 = ORIENTED_EDGE('',*,*,#1601,.T.);
#1601 = EDGE_CURVE('',#1594,#1602,#1604,.T.);
#1602 = VERTEX_POINT('',#1603);
#1603 = CARTESIAN_POINT('',(154.35042,-179.037861,1.585));
#1604 = LINE('',#1605,#1606);
#1605 = CARTESIAN_POINT('',(154.420228,-179.017095,1.585));
#1606 = VECTOR('',#1607,1.);
#1607 = DIRECTION('',(-0.958490323972,-0.285125058268,0.));
#1608 = ORIENTED_EDGE('',*,*,#1609,.T.);
#1609 = EDGE_CURVE('',#1602,#1610,#1612,.T.);
#1610 = VERTEX_POINT('',#1611);
#1611 = CARTESIAN_POINT('',(154.297158,-179.088423,1.585));
#1612 = LINE('',#1613,#1614);
#1613 = CARTESIAN_POINT('',(154.35042,-179.037861,1.585));
#1614 = VECTOR('',#1615,1.);
#1615 = DIRECTION('',(-0.725250282649,-0.688485313944,0.));
#1616 = ORIENTED_EDGE('',*,*,#1617,.T.);
#1617 = EDGE_CURVE('',#1610,#1618,#1620,.T.);
#1618 = VERTEX_POINT('',#1619);
#1619 = CARTESIAN_POINT('',(154.275888,-179.151174,1.585));
#1620 = LINE('',#1621,#1622);
#1621 = CARTESIAN_POINT('',(154.297158,-179.088423,1.585));
#1622 = VECTOR('',#1623,1.);
#1623 = DIRECTION('',(-0.321018631387,-0.947072879087,0.));
#1624 = ORIENTED_EDGE('',*,*,#1625,.T.);
#1625 = EDGE_CURVE('',#1618,#1626,#1628,.T.);
#1626 = VERTEX_POINT('',#1627);
#1627 = CARTESIAN_POINT('',(154.279199,-179.173362,1.585));
#1628 = LINE('',#1629,#1630);
#1629 = CARTESIAN_POINT('',(154.275888,-179.151174,1.585));
#1630 = VECTOR('',#1631,1.);
#1631 = DIRECTION('',(0.147590577236,-0.989048543556,0.));
#1632 = ORIENTED_EDGE('',*,*,#1633,.T.);
#1633 = EDGE_CURVE('',#1626,#1634,#1636,.T.);
#1634 = VERTEX_POINT('',#1635);
#1635 = CARTESIAN_POINT('',(154.324032,-179.236909,1.585));
#1636 = LINE('',#1637,#1638);
#1637 = CARTESIAN_POINT('',(154.279199,-179.173362,1.585));
#1638 = VECTOR('',#1639,1.);
#1639 = DIRECTION('',(0.576479732238,-0.817111447918,0.));
#1640 = ORIENTED_EDGE('',*,*,#1641,.T.);
#1641 = EDGE_CURVE('',#1634,#1642,#1644,.T.);
#1642 = VERTEX_POINT('',#1643);
#1643 = CARTESIAN_POINT('',(154.396586,-179.26546,1.585));
#1644 = LINE('',#1645,#1646);
#1645 = CARTESIAN_POINT('',(154.324032,-179.236909,1.585));
#1646 = VECTOR('',#1647,1.);
#1647 = DIRECTION('',(0.930543385119,-0.366181660398,0.));
#1648 = ORIENTED_EDGE('',*,*,#1649,.T.);
#1649 = EDGE_CURVE('',#1642,#1650,#1652,.T.);
#1650 = VERTEX_POINT('',#1651);
#1651 = CARTESIAN_POINT('',(154.480848,-179.25549,1.585));
#1652 = LINE('',#1653,#1654);
#1653 = CARTESIAN_POINT('',(154.396586,-179.26546,1.585));
#1654 = VECTOR('',#1655,1.);
#1655 = DIRECTION('',(0.993072672531,0.117501774763,0.));
#1656 = ORIENTED_EDGE('',*,*,#1657,.T.);
#1657 = EDGE_CURVE('',#1650,#1658,#1660,.T.);
#1658 = VERTEX_POINT('',#1659);
#1659 = CARTESIAN_POINT('',(154.533837,-179.226201,1.585));
#1660 = LINE('',#1661,#1662);
#1661 = CARTESIAN_POINT('',(154.480848,-179.25549,1.585));
#1662 = VECTOR('',#1663,1.);
#1663 = DIRECTION('',(0.875202339405,0.48375703106,0.));
#1664 = ORIENTED_EDGE('',*,*,#1665,.T.);
#1665 = EDGE_CURVE('',#1658,#1666,#1668,.T.);
#1666 = VERTEX_POINT('',#1667);
#1667 = CARTESIAN_POINT('',(154.565744,-179.174326,1.585));
#1668 = LINE('',#1669,#1670);
#1669 = CARTESIAN_POINT('',(154.533837,-179.226201,1.585));
#1670 = VECTOR('',#1671,1.);
#1671 = DIRECTION('',(0.523905942273,0.851776122964,0.));
#1672 = ORIENTED_EDGE('',*,*,#1673,.T.);
#1673 = EDGE_CURVE('',#1666,#1674,#1676,.T.);
#1674 = VERTEX_POINT('',#1675);
#1675 = CARTESIAN_POINT('',(154.558068,-179.112967,1.585));
#1676 = LINE('',#1677,#1678);
#1677 = CARTESIAN_POINT('',(154.565744,-179.174326,1.585));
#1678 = VECTOR('',#1679,1.);
#1679 = DIRECTION('',(-0.124132260438,0.992265681115,0.));
#1680 = ORIENTED_EDGE('',*,*,#1681,.T.);
#1681 = EDGE_CURVE('',#1674,#1584,#1682,.T.);
#1682 = LINE('',#1683,#1684);
#1683 = CARTESIAN_POINT('',(154.558068,-179.112967,1.585));
#1684 = VECTOR('',#1685,1.);
#1685 = DIRECTION('',(-0.575728122142,0.817641198433,0.));
#1686 = FACE_BOUND('',#1687,.F.);
#1687 = EDGE_LOOP('',(#1688,#1698,#1706,#1714,#1722,#1730,#1738,#1746,
    #1754,#1762,#1770,#1778,#1786,#1794));
#1688 = ORIENTED_EDGE('',*,*,#1689,.T.);
#1689 = EDGE_CURVE('',#1690,#1692,#1694,.T.);
#1690 = VERTEX_POINT('',#1691);
#1691 = CARTESIAN_POINT('',(156.162605,-177.207985,1.585));
#1692 = VERTEX_POINT('',#1693);
#1693 = CARTESIAN_POINT('',(156.140266,-177.170307,1.585));
#1694 = LINE('',#1695,#1696);
#1695 = CARTESIAN_POINT('',(156.162605,-177.207985,1.585));
#1696 = VECTOR('',#1697,1.);
#1697 = DIRECTION('',(-0.509993243533,0.860178406815,0.));
#1698 = ORIENTED_EDGE('',*,*,#1699,.T.);
#1699 = EDGE_CURVE('',#1692,#1700,#1702,.T.);
#1700 = VERTEX_POINT('',#1701);
#1701 = CARTESIAN_POINT('',(156.094727,-177.157896,1.585));
#1702 = LINE('',#1703,#1704);
#1703 = CARTESIAN_POINT('',(156.140266,-177.170307,1.585));
#1704 = VECTOR('',#1705,1.);
#1705 = DIRECTION('',(-0.964810742071,0.262945302265,0.));
#1706 = ORIENTED_EDGE('',*,*,#1707,.T.);
#1707 = EDGE_CURVE('',#1700,#1708,#1710,.T.);
#1708 = VERTEX_POINT('',#1709);
#1709 = CARTESIAN_POINT('',(156.046013,-177.159808,1.585));
#1710 = LINE('',#1711,#1712);
#1711 = CARTESIAN_POINT('',(156.094727,-177.157896,1.585));
#1712 = VECTOR('',#1713,1.);
#1713 = DIRECTION('',(-0.999230627303,-3.921929957317E-02,0.));
#1714 = ORIENTED_EDGE('',*,*,#1715,.T.);
#1715 = EDGE_CURVE('',#1708,#1716,#1718,.T.);
#1716 = VERTEX_POINT('',#1717);
#1717 = CARTESIAN_POINT('',(155.97226,-177.174832,1.585));
#1718 = LINE('',#1719,#1720);
#1719 = CARTESIAN_POINT('',(156.046013,-177.159808,1.585));
#1720 = VECTOR('',#1721,1.);
#1721 = DIRECTION('',(-0.979875923123,-0.199607553171,0.));
#1722 = ORIENTED_EDGE('',*,*,#1723,.T.);
#1723 = EDGE_CURVE('',#1716,#1724,#1726,.T.);
#1724 = VERTEX_POINT('',#1725);
#1725 = CARTESIAN_POINT('',(155.933373,-177.211623,1.585));
#1726 = LINE('',#1727,#1728);
#1727 = CARTESIAN_POINT('',(155.97226,-177.174832,1.585));
#1728 = VECTOR('',#1729,1.);
#1729 = DIRECTION('',(-0.726412460707,-0.6872590028,0.));
#1730 = ORIENTED_EDGE('',*,*,#1731,.T.);
#1731 = EDGE_CURVE('',#1724,#1732,#1734,.T.);
#1732 = VERTEX_POINT('',#1733);
#1733 = CARTESIAN_POINT('',(155.920859,-177.240625,1.585));
#1734 = LINE('',#1735,#1736);
#1735 = CARTESIAN_POINT('',(155.933373,-177.211623,1.585));
#1736 = VECTOR('',#1737,1.);
#1737 = DIRECTION('',(-0.396180083022,-0.918172827858,0.));
#1738 = ORIENTED_EDGE('',*,*,#1739,.T.);
#1739 = EDGE_CURVE('',#1732,#1740,#1742,.T.);
#1740 = VERTEX_POINT('',#1741);
#1741 = CARTESIAN_POINT('',(155.913278,-177.320581,1.585));
#1742 = LINE('',#1743,#1744);
#1743 = CARTESIAN_POINT('',(155.920859,-177.240625,1.585));
#1744 = VECTOR('',#1745,1.);
#1745 = DIRECTION('',(-9.439131698917E-02,-0.995535172295,0.));
#1746 = ORIENTED_EDGE('',*,*,#1747,.T.);
#1747 = EDGE_CURVE('',#1740,#1748,#1750,.T.);
#1748 = VERTEX_POINT('',#1749);
#1749 = CARTESIAN_POINT('',(155.951426,-177.373424,1.585));
#1750 = LINE('',#1751,#1752);
#1751 = CARTESIAN_POINT('',(155.913278,-177.320581,1.585));
#1752 = VECTOR('',#1753,1.);
#1753 = DIRECTION('',(0.585325279639,-0.810798567473,0.));
#1754 = ORIENTED_EDGE('',*,*,#1755,.T.);
#1755 = EDGE_CURVE('',#1748,#1756,#1758,.T.);
#1756 = VERTEX_POINT('',#1757);
#1757 = CARTESIAN_POINT('',(156.033917,-177.397498,1.585));
#1758 = LINE('',#1759,#1760);
#1759 = CARTESIAN_POINT('',(155.951426,-177.373424,1.585));
#1760 = VECTOR('',#1761,1.);
#1761 = DIRECTION('',(0.959955804316,-0.280151483594,0.));
#1762 = ORIENTED_EDGE('',*,*,#1763,.T.);
#1763 = EDGE_CURVE('',#1756,#1764,#1766,.T.);
#1764 = VERTEX_POINT('',#1765);
#1765 = CARTESIAN_POINT('',(156.124281,-177.390174,1.585));
#1766 = LINE('',#1767,#1768);
#1767 = CARTESIAN_POINT('',(156.033917,-177.397498,1.585));
#1768 = VECTOR('',#1769,1.);
#1769 = DIRECTION('',(0.996731545039,8.078506745913E-02,0.));
#1770 = ORIENTED_EDGE('',*,*,#1771,.T.);
#1771 = EDGE_CURVE('',#1764,#1772,#1774,.T.);
#1772 = VERTEX_POINT('',#1773);
#1773 = CARTESIAN_POINT('',(156.155927,-177.359106,1.585));
#1774 = LINE('',#1775,#1776);
#1775 = CARTESIAN_POINT('',(156.124281,-177.390174,1.585));
#1776 = VECTOR('',#1777,1.);
#1777 = DIRECTION('',(0.713593483781,0.700560018774,0.));
#1778 = ORIENTED_EDGE('',*,*,#1779,.T.);
#1779 = EDGE_CURVE('',#1772,#1780,#1782,.T.);
#1780 = VERTEX_POINT('',#1781);
#1781 = CARTESIAN_POINT('',(156.164314,-177.333818,1.585));
#1782 = LINE('',#1783,#1784);
#1783 = CARTESIAN_POINT('',(156.155927,-177.359106,1.585));
#1784 = VECTOR('',#1785,1.);
#1785 = DIRECTION('',(0.314797362684,0.949158901579,0.));
#1786 = ORIENTED_EDGE('',*,*,#1787,.T.);
#1787 = EDGE_CURVE('',#1780,#1788,#1790,.T.);
#1788 = VERTEX_POINT('',#1789);
#1789 = CARTESIAN_POINT('',(156.170312,-177.255913,1.585));
#1790 = LINE('',#1791,#1792);
#1791 = CARTESIAN_POINT('',(156.164314,-177.333818,1.585));
#1792 = VECTOR('',#1793,1.);
#1793 = DIRECTION('',(7.676402840846E-02,0.997049288622,0.));
#1794 = ORIENTED_EDGE('',*,*,#1795,.T.);
#1795 = EDGE_CURVE('',#1788,#1690,#1796,.T.);
#1796 = LINE('',#1797,#1798);
#1797 = CARTESIAN_POINT('',(156.170312,-177.255913,1.585));
#1798 = VECTOR('',#1799,1.);
#1799 = DIRECTION('',(-0.158764157549,0.987316536009,0.));
#1800 = PLANE('',#1801);
#1801 = AXIS2_PLACEMENT_3D('',#1802,#1803,#1804);
#1802 = CARTESIAN_POINT('',(0.,0.,1.585));
#1803 = DIRECTION('',(0.,0.,1.));
#1804 = DIRECTION('',(1.,0.,-0.));
#1805 = SHELL_BASED_SURFACE_MODEL('',(#1806));
#1806 = OPEN_SHELL('',(#1807));
#1807 = ADVANCED_FACE('',(#1808),#2242,.T.);
#1808 = FACE_BOUND('',#1809,.F.);
#1809 = EDGE_LOOP('',(#1810,#1820,#1828,#1836,#1844,#1852,#1860,#1868,
    #1876,#1884,#1892,#1900,#1908,#1916,#1924,#1932,#1941,#1949,#1957,
    #1966,#1974,#1982,#1991,#1999,#2008,#2016,#2024,#2032,#2040,#2048,
    #2056,#2064,#2072,#2080,#2088,#2096,#2104,#2112,#2120,#2128,#2136,
    #2145,#2153,#2161,#2170,#2178,#2186,#2195,#2203,#2211,#2219,#2228,
    #2236));
#1810 = ORIENTED_EDGE('',*,*,#1811,.T.);
#1811 = EDGE_CURVE('',#1812,#1814,#1816,.T.);
#1812 = VERTEX_POINT('',#1813);
#1813 = CARTESIAN_POINT('',(143.952275,-177.635733,1.585));
#1814 = VERTEX_POINT('',#1815);
#1815 = CARTESIAN_POINT('',(144.028103,-177.62612,1.585));
#1816 = LINE('',#1817,#1818);
#1817 = CARTESIAN_POINT('',(143.952275,-177.635733,1.585));
#1818 = VECTOR('',#1819,1.);
#1819 = DIRECTION('',(0.992059789668,0.125767140873,0.));
#1820 = ORIENTED_EDGE('',*,*,#1821,.T.);
#1821 = EDGE_CURVE('',#1814,#1822,#1824,.T.);
#1822 = VERTEX_POINT('',#1823);
#1823 = CARTESIAN_POINT('',(144.094952,-177.62612,1.585));
#1824 = LINE('',#1825,#1826);
#1825 = CARTESIAN_POINT('',(144.028103,-177.62612,1.585));
#1826 = VECTOR('',#1827,1.);
#1827 = DIRECTION('',(1.,0.,0.));
#1828 = ORIENTED_EDGE('',*,*,#1829,.T.);
#1829 = EDGE_CURVE('',#1822,#1830,#1832,.T.);
#1830 = VERTEX_POINT('',#1831);
#1831 = CARTESIAN_POINT('',(144.094952,-177.82127,1.585));
#1832 = LINE('',#1833,#1834);
#1833 = CARTESIAN_POINT('',(144.094952,-177.62612,1.585));
#1834 = VECTOR('',#1835,1.);
#1835 = DIRECTION('',(0.,-1.,0.));
#1836 = ORIENTED_EDGE('',*,*,#1837,.T.);
#1837 = EDGE_CURVE('',#1830,#1838,#1840,.T.);
#1838 = VERTEX_POINT('',#1839);
#1839 = CARTESIAN_POINT('',(144.028933,-177.82127,1.585));
#1840 = LINE('',#1841,#1842);
#1841 = CARTESIAN_POINT('',(144.094952,-177.82127,1.585));
#1842 = VECTOR('',#1843,1.);
#1843 = DIRECTION('',(-1.,0.,0.));
#1844 = ORIENTED_EDGE('',*,*,#1845,.T.);
#1845 = EDGE_CURVE('',#1838,#1846,#1848,.T.);
#1846 = VERTEX_POINT('',#1847);
#1847 = CARTESIAN_POINT('',(143.993807,-177.828068,1.585));
#1848 = LINE('',#1849,#1850);
#1849 = CARTESIAN_POINT('',(144.028933,-177.82127,1.585));
#1850 = VECTOR('',#1851,1.);
#1851 = DIRECTION('',(-0.981782878183,-0.190006263335,0.));
#1852 = ORIENTED_EDGE('',*,*,#1853,.T.);
#1853 = EDGE_CURVE('',#1846,#1854,#1856,.T.);
#1854 = VERTEX_POINT('',#1855);
#1855 = CARTESIAN_POINT('',(143.963952,-177.84857,1.585));
#1856 = LINE('',#1857,#1858);
#1857 = CARTESIAN_POINT('',(143.993807,-177.828068,1.585));
#1858 = VECTOR('',#1859,1.);
#1859 = DIRECTION('',(-0.824342312569,-0.566091646032,0.));
#1860 = ORIENTED_EDGE('',*,*,#1861,.T.);
#1861 = EDGE_CURVE('',#1854,#1862,#1864,.T.);
#1862 = VERTEX_POINT('',#1863);
#1863 = CARTESIAN_POINT('',(143.943615,-177.878509,1.585));
#1864 = LINE('',#1865,#1866);
#1865 = CARTESIAN_POINT('',(143.963952,-177.84857,1.585));
#1866 = VECTOR('',#1867,1.);
#1867 = DIRECTION('',(-0.561903368921,-0.827202879586,0.));
#1868 = ORIENTED_EDGE('',*,*,#1869,.T.);
#1869 = EDGE_CURVE('',#1862,#1870,#1872,.T.);
#1870 = VERTEX_POINT('',#1871);
#1871 = CARTESIAN_POINT('',(143.93686,-177.913758,1.585));
#1872 = LINE('',#1873,#1874);
#1873 = CARTESIAN_POINT('',(143.943615,-177.878509,1.585));
#1874 = VECTOR('',#1875,1.);
#1875 = DIRECTION('',(-0.188211800851,-0.982128463094,0.));
#1876 = ORIENTED_EDGE('',*,*,#1877,.T.);
#1877 = EDGE_CURVE('',#1870,#1878,#1880,.T.);
#1878 = VERTEX_POINT('',#1879);
#1879 = CARTESIAN_POINT('',(143.93686,-179.052376,1.585));
#1880 = LINE('',#1881,#1882);
#1881 = CARTESIAN_POINT('',(143.93686,-177.913758,1.585));
#1882 = VECTOR('',#1883,1.);
#1883 = DIRECTION('',(0.,-1.,0.));
#1884 = ORIENTED_EDGE('',*,*,#1885,.T.);
#1885 = EDGE_CURVE('',#1878,#1886,#1888,.T.);
#1886 = VERTEX_POINT('',#1887);
#1887 = CARTESIAN_POINT('',(143.943611,-179.087643,1.585));
#1888 = LINE('',#1889,#1890);
#1889 = CARTESIAN_POINT('',(143.93686,-179.052376,1.585));
#1890 = VECTOR('',#1891,1.);
#1891 = DIRECTION('',(0.18801168266,-0.982166791937,0.));
#1892 = ORIENTED_EDGE('',*,*,#1893,.T.);
#1893 = EDGE_CURVE('',#1886,#1894,#1896,.T.);
#1894 = VERTEX_POINT('',#1895);
#1895 = CARTESIAN_POINT('',(143.963952,-179.117668,1.585));
#1896 = LINE('',#1897,#1898);
#1897 = CARTESIAN_POINT('',(143.943611,-179.087643,1.585));
#1898 = VECTOR('',#1899,1.);
#1899 = DIRECTION('',(0.560876190543,-0.827899691316,0.));
#1900 = ORIENTED_EDGE('',*,*,#1901,.T.);
#1901 = EDGE_CURVE('',#1894,#1902,#1904,.T.);
#1902 = VERTEX_POINT('',#1903);
#1903 = CARTESIAN_POINT('',(143.993807,-179.13817,1.585));
#1904 = LINE('',#1905,#1906);
#1905 = CARTESIAN_POINT('',(143.963952,-179.117668,1.585));
#1906 = VECTOR('',#1907,1.);
#1907 = DIRECTION('',(0.824342312569,-0.566091646032,0.));
#1908 = ORIENTED_EDGE('',*,*,#1909,.T.);
#1909 = EDGE_CURVE('',#1902,#1910,#1912,.T.);
#1910 = VERTEX_POINT('',#1911);
#1911 = CARTESIAN_POINT('',(144.028933,-179.144968,1.585));
#1912 = LINE('',#1913,#1914);
#1913 = CARTESIAN_POINT('',(143.993807,-179.13817,1.585));
#1914 = VECTOR('',#1915,1.);
#1915 = DIRECTION('',(0.981782878183,-0.190006263335,0.));
#1916 = ORIENTED_EDGE('',*,*,#1917,.T.);
#1917 = EDGE_CURVE('',#1910,#1918,#1920,.T.);
#1918 = VERTEX_POINT('',#1919);
#1919 = CARTESIAN_POINT('',(144.409164,-179.144968,1.585));
#1920 = LINE('',#1921,#1922);
#1921 = CARTESIAN_POINT('',(144.028933,-179.144968,1.585));
#1922 = VECTOR('',#1923,1.);
#1923 = DIRECTION('',(1.,0.,0.));
#1924 = ORIENTED_EDGE('',*,*,#1925,.T.);
#1925 = EDGE_CURVE('',#1918,#1926,#1928,.T.);
#1926 = VERTEX_POINT('',#1927);
#1927 = CARTESIAN_POINT('',(144.443932,-179.138146,1.585));
#1928 = LINE('',#1929,#1930);
#1929 = CARTESIAN_POINT('',(144.409164,-179.144968,1.585));
#1930 = VECTOR('',#1931,1.);
#1931 = DIRECTION('',(0.981288453594,0.192543425863,0.));
#1932 = ORIENTED_EDGE('',*,*,#1933,.T.);
#1933 = EDGE_CURVE('',#1926,#1934,#1936,.T.);
#1934 = VERTEX_POINT('',#1935);
#1935 = CARTESIAN_POINT('',(144.49885,-179.052168,1.585));
#1936 = CIRCLE('',#1937,9.333682046546E-02);
#1937 = AXIS2_PLACEMENT_3D('',#1938,#1939,#1940);
#1938 = CARTESIAN_POINT('',(144.40551764243,-179.0530807357,1.585));
#1939 = DIRECTION('',(0.,0.,1.));
#1940 = DIRECTION('',(0.411567025431,-0.91137949482,0.));
#1941 = ORIENTED_EDGE('',*,*,#1942,.T.);
#1942 = EDGE_CURVE('',#1934,#1943,#1945,.T.);
#1943 = VERTEX_POINT('',#1944);
#1944 = CARTESIAN_POINT('',(144.49885,-177.911267,1.585));
#1945 = LINE('',#1946,#1947);
#1946 = CARTESIAN_POINT('',(144.49885,-179.052168,1.585));
#1947 = VECTOR('',#1948,1.);
#1948 = DIRECTION('',(0.,1.,0.));
#1949 = ORIENTED_EDGE('',*,*,#1950,.T.);
#1950 = EDGE_CURVE('',#1943,#1951,#1953,.T.);
#1951 = VERTEX_POINT('',#1952);
#1952 = CARTESIAN_POINT('',(144.508781,-177.835836,1.585));
#1953 = LINE('',#1954,#1955);
#1954 = CARTESIAN_POINT('',(144.49885,-177.911267,1.585));
#1955 = VECTOR('',#1956,1.);
#1956 = DIRECTION('',(0.130530332425,0.991444316297,0.));
#1957 = ORIENTED_EDGE('',*,*,#1958,.T.);
#1958 = EDGE_CURVE('',#1951,#1959,#1961,.T.);
#1959 = VERTEX_POINT('',#1960);
#1960 = CARTESIAN_POINT('',(144.709583,-177.635739,1.585));
#1961 = CIRCLE('',#1962,0.291063904043);
#1962 = AXIS2_PLACEMENT_3D('',#1963,#1964,#1965);
#1963 = CARTESIAN_POINT('',(144.78862674146,-177.9158644775,1.585));
#1964 = DIRECTION('',(0.,0.,-1.));
#1965 = DIRECTION('',(-0.961458077011,0.274951570553,0.));
#1966 = ORIENTED_EDGE('',*,*,#1967,.T.);
#1967 = EDGE_CURVE('',#1959,#1968,#1970,.T.);
#1968 = VERTEX_POINT('',#1969);
#1969 = CARTESIAN_POINT('',(144.785139,-177.62612,1.585));
#1970 = LINE('',#1971,#1972);
#1971 = CARTESIAN_POINT('',(144.709583,-177.635739,1.585));
#1972 = VECTOR('',#1973,1.);
#1973 = DIRECTION('',(0.991993336764,0.126290220583,0.));
#1974 = ORIENTED_EDGE('',*,*,#1975,.T.);
#1975 = EDGE_CURVE('',#1968,#1976,#1978,.T.);
#1976 = VERTEX_POINT('',#1977);
#1977 = CARTESIAN_POINT('',(145.169211,-177.62612,1.585));
#1978 = LINE('',#1979,#1980);
#1979 = CARTESIAN_POINT('',(144.785139,-177.62612,1.585));
#1980 = VECTOR('',#1981,1.);
#1981 = DIRECTION('',(1.,0.,0.));
#1982 = ORIENTED_EDGE('',*,*,#1983,.T.);
#1983 = EDGE_CURVE('',#1976,#1984,#1986,.T.);
#1984 = VERTEX_POINT('',#1985);
#1985 = CARTESIAN_POINT('',(145.455501,-177.911786,1.585));
#1986 = CIRCLE('',#1987,0.283603940429);
#1987 = AXIS2_PLACEMENT_3D('',#1988,#1989,#1990);
#1988 = CARTESIAN_POINT('',(145.1719046495,-177.909711148,1.585));
#1989 = DIRECTION('',(0.,0.,-1.));
#1990 = DIRECTION('',(-9.497926921339E-03,0.999954893675,0.));
#1991 = ORIENTED_EDGE('',*,*,#1992,.T.);
#1992 = EDGE_CURVE('',#1984,#1993,#1995,.T.);
#1993 = VERTEX_POINT('',#1994);
#1994 = CARTESIAN_POINT('',(145.455501,-179.054348,1.585));
#1995 = LINE('',#1996,#1997);
#1996 = CARTESIAN_POINT('',(145.455501,-177.911786,1.585));
#1997 = VECTOR('',#1998,1.);
#1998 = DIRECTION('',(0.,-1.,0.));
#1999 = ORIENTED_EDGE('',*,*,#2000,.T.);
#2000 = EDGE_CURVE('',#1993,#2001,#2003,.T.);
#2001 = VERTEX_POINT('',#2002);
#2002 = CARTESIAN_POINT('',(145.312979,-179.302022,1.585));
#2003 = CIRCLE('',#2004,0.282995751909);
#2004 = AXIS2_PLACEMENT_3D('',#2005,#2006,#2007);
#2005 = CARTESIAN_POINT('',(145.17251231554,-179.0563480165,1.585));
#2006 = DIRECTION('',(0.,0.,-1.));
#2007 = DIRECTION('',(0.999975026307,7.06730229552E-03,0.));
#2008 = ORIENTED_EDGE('',*,*,#2009,.T.);
#2009 = EDGE_CURVE('',#2001,#2010,#2012,.T.);
#2010 = VERTEX_POINT('',#2011);
#2011 = CARTESIAN_POINT('',(145.244035,-179.33051,1.585));
#2012 = LINE('',#2013,#2014);
#2013 = CARTESIAN_POINT('',(145.312979,-179.302022,1.585));
#2014 = VECTOR('',#2015,1.);
#2015 = DIRECTION('',(-0.924208771,-0.381887611224,0.));
#2016 = ORIENTED_EDGE('',*,*,#2017,.T.);
#2017 = EDGE_CURVE('',#2010,#2018,#2020,.T.);
#2018 = VERTEX_POINT('',#2019);
#2019 = CARTESIAN_POINT('',(145.167966,-179.340118,1.585));
#2020 = LINE('',#2021,#2022);
#2021 = CARTESIAN_POINT('',(145.244035,-179.33051,1.585));
#2022 = VECTOR('',#2023,1.);
#2023 = DIRECTION('',(-0.992117538292,-0.125310774532,0.));
#2024 = ORIENTED_EDGE('',*,*,#2025,.T.);
#2025 = EDGE_CURVE('',#2018,#2026,#2028,.T.);
#2026 = VERTEX_POINT('',#2027);
#2027 = CARTESIAN_POINT('',(145.100805,-179.340118,1.585));
#2028 = LINE('',#2029,#2030);
#2029 = CARTESIAN_POINT('',(145.167966,-179.340118,1.585));
#2030 = VECTOR('',#2031,1.);
#2031 = DIRECTION('',(-1.,0.,0.));
#2032 = ORIENTED_EDGE('',*,*,#2033,.T.);
#2033 = EDGE_CURVE('',#2026,#2034,#2036,.T.);
#2034 = VERTEX_POINT('',#2035);
#2035 = CARTESIAN_POINT('',(145.100805,-179.144968,1.585));
#2036 = LINE('',#2037,#2038);
#2037 = CARTESIAN_POINT('',(145.100805,-179.340118,1.585));
#2038 = VECTOR('',#2039,1.);
#2039 = DIRECTION('',(0.,1.,0.));
#2040 = ORIENTED_EDGE('',*,*,#2041,.T.);
#2041 = EDGE_CURVE('',#2034,#2042,#2044,.T.);
#2042 = VERTEX_POINT('',#2043);
#2043 = CARTESIAN_POINT('',(145.167447,-179.144968,1.585));
#2044 = LINE('',#2045,#2046);
#2045 = CARTESIAN_POINT('',(145.100805,-179.144968,1.585));
#2046 = VECTOR('',#2047,1.);
#2047 = DIRECTION('',(1.,0.,0.));
#2048 = ORIENTED_EDGE('',*,*,#2049,.T.);
#2049 = EDGE_CURVE('',#2042,#2050,#2052,.T.);
#2050 = VERTEX_POINT('',#2051);
#2051 = CARTESIAN_POINT('',(145.202716,-179.138175,1.585));
#2052 = LINE('',#2053,#2054);
#2053 = CARTESIAN_POINT('',(145.167447,-179.144968,1.585));
#2054 = VECTOR('',#2055,1.);
#2055 = DIRECTION('',(0.981952192468,0.189129298915,0.));
#2056 = ORIENTED_EDGE('',*,*,#2057,.T.);
#2057 = EDGE_CURVE('',#2050,#2058,#2060,.T.);
#2058 = VERTEX_POINT('',#2059);
#2059 = CARTESIAN_POINT('',(145.232843,-179.117668,1.585));
#2060 = LINE('',#2061,#2062);
#2061 = CARTESIAN_POINT('',(145.202716,-179.138175,1.585));
#2062 = VECTOR('',#2063,1.);
#2063 = DIRECTION('',(0.826663066386,0.562697231798,0.));
#2064 = ORIENTED_EDGE('',*,*,#2065,.T.);
#2065 = EDGE_CURVE('',#2058,#2066,#2068,.T.);
#2066 = VERTEX_POINT('',#2067);
#2067 = CARTESIAN_POINT('',(145.253346,-179.087627,1.585));
#2068 = LINE('',#2069,#2070);
#2069 = CARTESIAN_POINT('',(145.232843,-179.117668,1.585));
#2070 = VECTOR('',#2071,1.);
#2071 = DIRECTION('',(0.563721532666,0.82596491064,0.));
#2072 = ORIENTED_EDGE('',*,*,#2073,.T.);
#2073 = EDGE_CURVE('',#2066,#2074,#2076,.T.);
#2074 = VERTEX_POINT('',#2075);
#2075 = CARTESIAN_POINT('',(145.260143,-179.052376,1.585));
#2076 = LINE('',#2077,#2078);
#2077 = CARTESIAN_POINT('',(145.253346,-179.087627,1.585));
#2078 = VECTOR('',#2079,1.);
#2079 = DIRECTION('',(0.189329844974,0.981913544973,0.));
#2080 = ORIENTED_EDGE('',*,*,#2081,.T.);
#2081 = EDGE_CURVE('',#2074,#2082,#2084,.T.);
#2082 = VERTEX_POINT('',#2083);
#2083 = CARTESIAN_POINT('',(145.260143,-177.913758,1.585));
#2084 = LINE('',#2085,#2086);
#2085 = CARTESIAN_POINT('',(145.260143,-179.052376,1.585));
#2086 = VECTOR('',#2087,1.);
#2087 = DIRECTION('',(0.,1.,0.));
#2088 = ORIENTED_EDGE('',*,*,#2089,.T.);
#2089 = EDGE_CURVE('',#2082,#2090,#2092,.T.);
#2090 = VERTEX_POINT('',#2091);
#2091 = CARTESIAN_POINT('',(145.253343,-177.878525,1.585));
#2092 = LINE('',#2093,#2094);
#2093 = CARTESIAN_POINT('',(145.260143,-177.913758,1.585));
#2094 = VECTOR('',#2095,1.);
#2095 = DIRECTION('',(-0.189503705032,0.981880005795,0.));
#2096 = ORIENTED_EDGE('',*,*,#2097,.T.);
#2097 = EDGE_CURVE('',#2090,#2098,#2100,.T.);
#2098 = VERTEX_POINT('',#2099);
#2099 = CARTESIAN_POINT('',(145.232843,-177.84857,1.585));
#2100 = LINE('',#2101,#2102);
#2101 = CARTESIAN_POINT('',(145.253343,-177.878525,1.585));
#2102 = VECTOR('',#2103,1.);
#2103 = DIRECTION('',(-0.564767861138,0.825249818555,0.));
#2104 = ORIENTED_EDGE('',*,*,#2105,.T.);
#2105 = EDGE_CURVE('',#2098,#2106,#2108,.T.);
#2106 = VERTEX_POINT('',#2107);
#2107 = CARTESIAN_POINT('',(145.202716,-177.828063,1.585));
#2108 = LINE('',#2109,#2110);
#2109 = CARTESIAN_POINT('',(145.232843,-177.84857,1.585));
#2110 = VECTOR('',#2111,1.);
#2111 = DIRECTION('',(-0.826663066386,0.562697231798,0.));
#2112 = ORIENTED_EDGE('',*,*,#2113,.T.);
#2113 = EDGE_CURVE('',#2106,#2114,#2116,.T.);
#2114 = VERTEX_POINT('',#2115);
#2115 = CARTESIAN_POINT('',(145.167447,-177.82127,1.585));
#2116 = LINE('',#2117,#2118);
#2117 = CARTESIAN_POINT('',(145.202716,-177.828063,1.585));
#2118 = VECTOR('',#2119,1.);
#2119 = DIRECTION('',(-0.981952192468,0.189129298915,0.));
#2120 = ORIENTED_EDGE('',*,*,#2121,.T.);
#2121 = EDGE_CURVE('',#2114,#2122,#2124,.T.);
#2122 = VERTEX_POINT('',#2123);
#2123 = CARTESIAN_POINT('',(144.784517,-177.82127,1.585));
#2124 = LINE('',#2125,#2126);
#2125 = CARTESIAN_POINT('',(145.167447,-177.82127,1.585));
#2126 = VECTOR('',#2127,1.);
#2127 = DIRECTION('',(-1.,0.,0.));
#2128 = ORIENTED_EDGE('',*,*,#2129,.T.);
#2129 = EDGE_CURVE('',#2122,#2130,#2132,.T.);
#2130 = VERTEX_POINT('',#2131);
#2131 = CARTESIAN_POINT('',(144.749463,-177.828103,1.585));
#2132 = LINE('',#2133,#2134);
#2133 = CARTESIAN_POINT('',(144.784517,-177.82127,1.585));
#2134 = VECTOR('',#2135,1.);
#2135 = DIRECTION('',(-0.981526389714,-0.191326804956,0.));
#2136 = ORIENTED_EDGE('',*,*,#2137,.T.);
#2137 = EDGE_CURVE('',#2130,#2138,#2140,.T.);
#2138 = VERTEX_POINT('',#2139);
#2139 = CARTESIAN_POINT('',(144.694208,-177.913966,1.585));
#2140 = CIRCLE('',#2141,9.354574083526E-02);
#2141 = AXIS2_PLACEMENT_3D('',#2142,#2143,#2144);
#2142 = CARTESIAN_POINT('',(144.78775233771,-177.9134536429,1.585));
#2143 = DIRECTION('',(0.,0.,1.));
#2144 = DIRECTION('',(-0.409311395406,0.912394750966,0.));
#2145 = ORIENTED_EDGE('',*,*,#2146,.T.);
#2146 = EDGE_CURVE('',#2138,#2147,#2149,.T.);
#2147 = VERTEX_POINT('',#2148);
#2148 = CARTESIAN_POINT('',(144.694208,-179.054867,1.585));
#2149 = LINE('',#2150,#2151);
#2150 = CARTESIAN_POINT('',(144.694208,-177.913966,1.585));
#2151 = VECTOR('',#2152,1.);
#2152 = DIRECTION('',(0.,-1.,0.));
#2153 = ORIENTED_EDGE('',*,*,#2154,.T.);
#2154 = EDGE_CURVE('',#2147,#2155,#2157,.T.);
#2155 = VERTEX_POINT('',#2156);
#2156 = CARTESIAN_POINT('',(144.684353,-179.130332,1.585));
#2157 = LINE('',#2158,#2159);
#2158 = CARTESIAN_POINT('',(144.694208,-179.054867,1.585));
#2159 = VECTOR('',#2160,1.);
#2160 = DIRECTION('',(-0.129490849793,-0.991580616904,0.));
#2161 = ORIENTED_EDGE('',*,*,#2162,.T.);
#2162 = EDGE_CURVE('',#2155,#2163,#2165,.T.);
#2163 = VERTEX_POINT('',#2164);
#2164 = CARTESIAN_POINT('',(144.484419,-179.330503,1.585));
#2165 = CIRCLE('',#2166,0.29030301792);
#2166 = AXIS2_PLACEMENT_3D('',#2167,#2168,#2169);
#2167 = CARTESIAN_POINT('',(144.40502398029,-179.0512678427,1.585));
#2168 = DIRECTION('',(0.,0.,-1.));
#2169 = DIRECTION('',(0.96219812561,-0.272350449005,0.));
#2170 = ORIENTED_EDGE('',*,*,#2171,.T.);
#2171 = EDGE_CURVE('',#2163,#2172,#2174,.T.);
#2172 = VERTEX_POINT('',#2173);
#2173 = CARTESIAN_POINT('',(144.409164,-179.340118,1.585));
#2174 = LINE('',#2175,#2176);
#2175 = CARTESIAN_POINT('',(144.484419,-179.330503,1.585));
#2176 = VECTOR('',#2177,1.);
#2177 = DIRECTION('',(-0.991936563844,-0.126735367236,0.));
#2178 = ORIENTED_EDGE('',*,*,#2179,.T.);
#2179 = EDGE_CURVE('',#2172,#2180,#2182,.T.);
#2180 = VERTEX_POINT('',#2181);
#2181 = CARTESIAN_POINT('',(144.026649,-179.340118,1.585));
#2182 = LINE('',#2183,#2184);
#2183 = CARTESIAN_POINT('',(144.409164,-179.340118,1.585));
#2184 = VECTOR('',#2185,1.);
#2185 = DIRECTION('',(-1.,0.,0.));
#2186 = ORIENTED_EDGE('',*,*,#2187,.T.);
#2187 = EDGE_CURVE('',#2180,#2188,#2190,.T.);
#2188 = VERTEX_POINT('',#2189);
#2189 = CARTESIAN_POINT('',(143.779598,-179.198531,1.585));
#2190 = CIRCLE('',#2191,0.282902391033);
#2191 = AXIS2_PLACEMENT_3D('',#2192,#2193,#2194);
#2192 = CARTESIAN_POINT('',(144.02468096108,-179.0572224544,1.585));
#2193 = DIRECTION('',(0.,0.,-1.));
#2194 = DIRECTION('',(6.956600491997E-03,-0.999975802562,0.));
#2195 = ORIENTED_EDGE('',*,*,#2196,.T.);
#2196 = EDGE_CURVE('',#2188,#2197,#2199,.T.);
#2197 = VERTEX_POINT('',#2198);
#2198 = CARTESIAN_POINT('',(143.751115,-179.13007,1.585));
#2199 = LINE('',#2200,#2201);
#2200 = CARTESIAN_POINT('',(143.779598,-179.198531,1.585));
#2201 = VECTOR('',#2202,1.);
#2202 = DIRECTION('',(-0.38412791199,0.923279885642,0.));
#2203 = ORIENTED_EDGE('',*,*,#2204,.T.);
#2204 = EDGE_CURVE('',#2197,#2205,#2207,.T.);
#2205 = VERTEX_POINT('',#2206);
#2206 = CARTESIAN_POINT('',(143.741502,-179.054348,1.585));
#2207 = LINE('',#2208,#2209);
#2208 = CARTESIAN_POINT('',(143.751115,-179.13007,1.585));
#2209 = VECTOR('',#2210,1.);
#2210 = DIRECTION('',(-0.12594040643,0.99203780877,0.));
#2211 = ORIENTED_EDGE('',*,*,#2212,.T.);
#2212 = EDGE_CURVE('',#2205,#2213,#2215,.T.);
#2213 = VERTEX_POINT('',#2214);
#2214 = CARTESIAN_POINT('',(143.741502,-177.911786,1.585));
#2215 = LINE('',#2216,#2217);
#2216 = CARTESIAN_POINT('',(143.741502,-179.054348,1.585));
#2217 = VECTOR('',#2218,1.);
#2218 = DIRECTION('',(0.,1.,0.));
#2219 = ORIENTED_EDGE('',*,*,#2220,.T.);
#2220 = EDGE_CURVE('',#2213,#2221,#2223,.T.);
#2221 = VERTEX_POINT('',#2222);
#2222 = CARTESIAN_POINT('',(143.824875,-177.709091,1.585));
#2223 = CIRCLE('',#2224,0.282154210261);
#2224 = AXIS2_PLACEMENT_3D('',#2225,#2226,#2227);
#2225 = CARTESIAN_POINT('',(144.02364564177,-177.9093439159,1.585));
#2226 = DIRECTION('',(0.,0.,-1.));
#2227 = DIRECTION('',(-0.999962543578,-8.655139583521E-03,-0.));
#2228 = ORIENTED_EDGE('',*,*,#2229,.T.);
#2229 = EDGE_CURVE('',#2221,#2230,#2232,.T.);
#2230 = VERTEX_POINT('',#2231);
#2231 = CARTESIAN_POINT('',(143.883712,-177.664215,1.585));
#2232 = LINE('',#2233,#2234);
#2233 = CARTESIAN_POINT('',(143.824875,-177.709091,1.585));
#2234 = VECTOR('',#2235,1.);
#2235 = DIRECTION('',(0.795120154358,0.606451927307,0.));
#2236 = ORIENTED_EDGE('',*,*,#2237,.T.);
#2237 = EDGE_CURVE('',#2230,#1812,#2238,.T.);
#2238 = LINE('',#2239,#2240);
#2239 = CARTESIAN_POINT('',(143.883712,-177.664215,1.585));
#2240 = VECTOR('',#2241,1.);
#2241 = DIRECTION('',(0.923487246205,0.383629125716,0.));
#2242 = PLANE('',#2243);
#2243 = AXIS2_PLACEMENT_3D('',#2244,#2245,#2246);
#2244 = CARTESIAN_POINT('',(0.,0.,1.585));
#2245 = DIRECTION('',(0.,0.,1.));
#2246 = DIRECTION('',(1.,0.,-0.));
#2247 = SHELL_BASED_SURFACE_MODEL('',(#2248));
#2248 = OPEN_SHELL('',(#2249));
#2249 = ADVANCED_FACE('',(#2250),#2316,.T.);
#2250 = FACE_BOUND('',#2251,.F.);
#2251 = EDGE_LOOP('',(#2252,#2262,#2270,#2278,#2286,#2294,#2302,#2310));
#2252 = ORIENTED_EDGE('',*,*,#2253,.T.);
#2253 = EDGE_CURVE('',#2254,#2256,#2258,.T.);
#2254 = VERTEX_POINT('',#2255);
#2255 = CARTESIAN_POINT('',(143.741502,-177.458374,1.585));
#2256 = VERTEX_POINT('',#2257);
#2257 = CARTESIAN_POINT('',(143.741502,-175.744375,1.585));
#2258 = LINE('',#2259,#2260);
#2259 = CARTESIAN_POINT('',(143.741502,-177.458374,1.585));
#2260 = VECTOR('',#2261,1.);
#2261 = DIRECTION('',(0.,1.,0.));
#2262 = ORIENTED_EDGE('',*,*,#2263,.T.);
#2263 = EDGE_CURVE('',#2256,#2264,#2266,.T.);
#2264 = VERTEX_POINT('',#2265);
#2265 = CARTESIAN_POINT('',(143.93686,-175.744375,1.585));
#2266 = LINE('',#2267,#2268);
#2267 = CARTESIAN_POINT('',(143.741502,-175.744375,1.585));
#2268 = VECTOR('',#2269,1.);
#2269 = DIRECTION('',(1.,0.,0.));
#2270 = ORIENTED_EDGE('',*,*,#2271,.T.);
#2271 = EDGE_CURVE('',#2264,#2272,#2274,.T.);
#2272 = VERTEX_POINT('',#2273);
#2273 = CARTESIAN_POINT('',(143.93686,-176.501723,1.585));
#2274 = LINE('',#2275,#2276);
#2275 = CARTESIAN_POINT('',(143.93686,-175.744375,1.585));
#2276 = VECTOR('',#2277,1.);
#2277 = DIRECTION('',(0.,-1.,0.));
#2278 = ORIENTED_EDGE('',*,*,#2279,.T.);
#2279 = EDGE_CURVE('',#2272,#2280,#2282,.T.);
#2280 = VERTEX_POINT('',#2281);
#2281 = CARTESIAN_POINT('',(145.455501,-176.501723,1.585));
#2282 = LINE('',#2283,#2284);
#2283 = CARTESIAN_POINT('',(143.93686,-176.501723,1.585));
#2284 = VECTOR('',#2285,1.);
#2285 = DIRECTION('',(1.,0.,0.));
#2286 = ORIENTED_EDGE('',*,*,#2287,.T.);
#2287 = EDGE_CURVE('',#2280,#2288,#2290,.T.);
#2288 = VERTEX_POINT('',#2289);
#2289 = CARTESIAN_POINT('',(145.455501,-176.696873,1.585));
#2290 = LINE('',#2291,#2292);
#2291 = CARTESIAN_POINT('',(145.455501,-176.501723,1.585));
#2292 = VECTOR('',#2293,1.);
#2293 = DIRECTION('',(0.,-1.,0.));
#2294 = ORIENTED_EDGE('',*,*,#2295,.T.);
#2295 = EDGE_CURVE('',#2288,#2296,#2298,.T.);
#2296 = VERTEX_POINT('',#2297);
#2297 = CARTESIAN_POINT('',(143.93686,-176.696873,1.585));
#2298 = LINE('',#2299,#2300);
#2299 = CARTESIAN_POINT('',(145.455501,-176.696873,1.585));
#2300 = VECTOR('',#2301,1.);
#2301 = DIRECTION('',(-1.,0.,0.));
#2302 = ORIENTED_EDGE('',*,*,#2303,.T.);
#2303 = EDGE_CURVE('',#2296,#2304,#2306,.T.);
#2304 = VERTEX_POINT('',#2305);
#2305 = CARTESIAN_POINT('',(143.93686,-177.458374,1.585));
#2306 = LINE('',#2307,#2308);
#2307 = CARTESIAN_POINT('',(143.93686,-176.696873,1.585));
#2308 = VECTOR('',#2309,1.);
#2309 = DIRECTION('',(0.,-1.,0.));
#2310 = ORIENTED_EDGE('',*,*,#2311,.T.);
#2311 = EDGE_CURVE('',#2304,#2254,#2312,.T.);
#2312 = LINE('',#2313,#2314);
#2313 = CARTESIAN_POINT('',(143.93686,-177.458374,1.585));
#2314 = VECTOR('',#2315,1.);
#2315 = DIRECTION('',(-1.,0.,0.));
#2316 = PLANE('',#2317);
#2317 = AXIS2_PLACEMENT_3D('',#2318,#2319,#2320);
#2318 = CARTESIAN_POINT('',(0.,0.,1.585));
#2319 = DIRECTION('',(0.,0.,1.));
#2320 = DIRECTION('',(1.,0.,-0.));
#2321 = SHELL_BASED_SURFACE_MODEL('',(#2322));
#2322 = OPEN_SHELL('',(#2323));
#2323 = ADVANCED_FACE('',(#2324),#2358,.T.);
#2324 = FACE_BOUND('',#2325,.F.);
#2325 = EDGE_LOOP('',(#2326,#2336,#2344,#2352));
#2326 = ORIENTED_EDGE('',*,*,#2327,.T.);
#2327 = EDGE_CURVE('',#2328,#2330,#2332,.T.);
#2328 = VERTEX_POINT('',#2329);
#2329 = CARTESIAN_POINT('',(144.655593,-175.560021,1.585));
#2330 = VERTEX_POINT('',#2331);
#2331 = CARTESIAN_POINT('',(144.655593,-174.629944,1.585));
#2332 = LINE('',#2333,#2334);
#2333 = CARTESIAN_POINT('',(144.655593,-175.560021,1.585));
#2334 = VECTOR('',#2335,1.);
#2335 = DIRECTION('',(0.,1.,0.));
#2336 = ORIENTED_EDGE('',*,*,#2337,.T.);
#2337 = EDGE_CURVE('',#2330,#2338,#2340,.T.);
#2338 = VERTEX_POINT('',#2339);
#2339 = CARTESIAN_POINT('',(144.850951,-174.629944,1.585));
#2340 = LINE('',#2341,#2342);
#2341 = CARTESIAN_POINT('',(144.655593,-174.629944,1.585));
#2342 = VECTOR('',#2343,1.);
#2343 = DIRECTION('',(1.,0.,0.));
#2344 = ORIENTED_EDGE('',*,*,#2345,.T.);
#2345 = EDGE_CURVE('',#2338,#2346,#2348,.T.);
#2346 = VERTEX_POINT('',#2347);
#2347 = CARTESIAN_POINT('',(144.850951,-175.560021,1.585));
#2348 = LINE('',#2349,#2350);
#2349 = CARTESIAN_POINT('',(144.850951,-174.629944,1.585));
#2350 = VECTOR('',#2351,1.);
#2351 = DIRECTION('',(0.,-1.,0.));
#2352 = ORIENTED_EDGE('',*,*,#2353,.T.);
#2353 = EDGE_CURVE('',#2346,#2328,#2354,.T.);
#2354 = LINE('',#2355,#2356);
#2355 = CARTESIAN_POINT('',(144.850951,-175.560021,1.585));
#2356 = VECTOR('',#2357,1.);
#2357 = DIRECTION('',(-1.,0.,0.));
#2358 = PLANE('',#2359);
#2359 = AXIS2_PLACEMENT_3D('',#2360,#2361,#2362);
#2360 = CARTESIAN_POINT('',(0.,0.,1.585));
#2361 = DIRECTION('',(0.,0.,1.));
#2362 = DIRECTION('',(1.,0.,-0.));
#2363 = SHELL_BASED_SURFACE_MODEL('',(#2364));
#2364 = OPEN_SHELL('',(#2365));
#2365 = ADVANCED_FACE('',(#2366,#2492,#2550),#2608,.T.);
#2366 = FACE_BOUND('',#2367,.F.);
#2367 = EDGE_LOOP('',(#2368,#2379,#2387,#2395,#2404,#2412,#2421,#2429,
    #2437,#2445,#2453,#2462,#2470,#2478,#2486));
#2368 = ORIENTED_EDGE('',*,*,#2369,.T.);
#2369 = EDGE_CURVE('',#2370,#2372,#2374,.T.);
#2370 = VERTEX_POINT('',#2371);
#2371 = CARTESIAN_POINT('',(143.751408,-172.820264,1.585));
#2372 = VERTEX_POINT('',#2373);
#2373 = CARTESIAN_POINT('',(144.032047,-172.607857,1.585));
#2374 = CIRCLE('',#2375,0.293066607968);
#2375 = AXIS2_PLACEMENT_3D('',#2376,#2377,#2378);
#2376 = CARTESIAN_POINT('',(144.03315683025,-172.9009215065,1.585));
#2377 = DIRECTION('',(0.,0.,-1.));
#2378 = DIRECTION('',(-0.961381551464,0.275219026422,0.));
#2379 = ORIENTED_EDGE('',*,*,#2380,.T.);
#2380 = EDGE_CURVE('',#2372,#2381,#2383,.T.);
#2381 = VERTEX_POINT('',#2382);
#2382 = CARTESIAN_POINT('',(145.167447,-172.607857,1.585));
#2383 = LINE('',#2384,#2385);
#2384 = CARTESIAN_POINT('',(144.032047,-172.607857,1.585));
#2385 = VECTOR('',#2386,1.);
#2386 = DIRECTION('',(1.,0.,0.));
#2387 = ORIENTED_EDGE('',*,*,#2388,.T.);
#2388 = EDGE_CURVE('',#2381,#2389,#2391,.T.);
#2389 = VERTEX_POINT('',#2390);
#2390 = CARTESIAN_POINT('',(145.243005,-172.617761,1.585));
#2391 = LINE('',#2392,#2393);
#2392 = CARTESIAN_POINT('',(145.167447,-172.607857,1.585));
#2393 = VECTOR('',#2394,1.);
#2394 = DIRECTION('',(0.991518403824,-0.129966360564,0.));
#2395 = ORIENTED_EDGE('',*,*,#2396,.T.);
#2396 = EDGE_CURVE('',#2389,#2397,#2399,.T.);
#2397 = VERTEX_POINT('',#2398);
#2398 = CARTESIAN_POINT('',(145.455501,-172.895807,1.585));
#2399 = CIRCLE('',#2400,0.292734543063);
#2400 = AXIS2_PLACEMENT_3D('',#2401,#2402,#2403);
#2401 = CARTESIAN_POINT('',(145.16278717906,-172.899290064,1.585));
#2402 = DIRECTION('',(0.,0.,-1.));
#2403 = DIRECTION('',(0.274029228314,0.961721364029,0.));
#2404 = ORIENTED_EDGE('',*,*,#2405,.T.);
#2405 = EDGE_CURVE('',#2397,#2406,#2408,.T.);
#2406 = VERTEX_POINT('',#2407);
#2407 = CARTESIAN_POINT('',(145.455501,-174.049788,1.585));
#2408 = LINE('',#2409,#2410);
#2409 = CARTESIAN_POINT('',(145.455501,-172.895807,1.585));
#2410 = VECTOR('',#2411,1.);
#2411 = DIRECTION('',(0.,-1.,0.));
#2412 = ORIENTED_EDGE('',*,*,#2413,.T.);
#2413 = EDGE_CURVE('',#2406,#2414,#2416,.T.);
#2414 = VERTEX_POINT('',#2415);
#2415 = CARTESIAN_POINT('',(145.370418,-174.254658,1.585));
#2416 = CIRCLE('',#2417,0.281276267373);
#2417 = AXIS2_PLACEMENT_3D('',#2418,#2419,#2420);
#2418 = CARTESIAN_POINT('',(145.17424404342,-174.053083901,1.585));
#2419 = DIRECTION('',(0.,0.,-1.));
#2420 = DIRECTION('',(0.999931345806,1.171766508759E-02,0.));
#2421 = ORIENTED_EDGE('',*,*,#2422,.T.);
#2422 = EDGE_CURVE('',#2414,#2423,#2425,.T.);
#2423 = VERTEX_POINT('',#2424);
#2424 = CARTESIAN_POINT('',(145.311525,-174.299538,1.585));
#2425 = LINE('',#2426,#2427);
#2426 = CARTESIAN_POINT('',(145.370418,-174.254658,1.585));
#2427 = VECTOR('',#2428,1.);
#2428 = DIRECTION('',(-0.795372191778,-0.606121338138,0.));
#2429 = ORIENTED_EDGE('',*,*,#2430,.T.);
#2430 = EDGE_CURVE('',#2423,#2431,#2433,.T.);
#2431 = VERTEX_POINT('',#2432);
#2432 = CARTESIAN_POINT('',(145.243079,-174.328024,1.585));
#2433 = LINE('',#2434,#2435);
#2434 = CARTESIAN_POINT('',(145.311525,-174.299538,1.585));
#2435 = VECTOR('',#2436,1.);
#2436 = DIRECTION('',(-0.923235673762,-0.384234161277,0.));
#2437 = ORIENTED_EDGE('',*,*,#2438,.T.);
#2438 = EDGE_CURVE('',#2431,#2439,#2441,.T.);
#2439 = VERTEX_POINT('',#2440);
#2440 = CARTESIAN_POINT('',(145.167447,-174.337634,1.585));
#2441 = LINE('',#2442,#2443);
#2442 = CARTESIAN_POINT('',(145.243079,-174.328024,1.585));
#2443 = VECTOR('',#2444,1.);
#2444 = DIRECTION('',(-0.992023995429,-0.126049166967,0.));
#2445 = ORIENTED_EDGE('',*,*,#2446,.T.);
#2446 = EDGE_CURVE('',#2439,#2447,#2449,.T.);
#2447 = VERTEX_POINT('',#2448);
#2448 = CARTESIAN_POINT('',(144.032047,-174.337634,1.585));
#2449 = LINE('',#2450,#2451);
#2450 = CARTESIAN_POINT('',(145.167447,-174.337634,1.585));
#2451 = VECTOR('',#2452,1.);
#2452 = DIRECTION('',(-1.,0.,0.));
#2453 = ORIENTED_EDGE('',*,*,#2454,.T.);
#2454 = EDGE_CURVE('',#2447,#2455,#2457,.T.);
#2455 = VERTEX_POINT('',#2456);
#2456 = CARTESIAN_POINT('',(143.780843,-174.196046,1.585));
#2457 = CIRCLE('',#2458,0.287684696101);
#2458 = AXIS2_PLACEMENT_3D('',#2459,#2460,#2461);
#2459 = CARTESIAN_POINT('',(144.02868163932,-174.0499689887,1.585));
#2460 = DIRECTION('',(0.,0.,-1.));
#2461 = DIRECTION('',(1.169808723437E-02,-0.999931575037,0.));
#2462 = ORIENTED_EDGE('',*,*,#2463,.T.);
#2463 = EDGE_CURVE('',#2455,#2464,#2466,.T.);
#2464 = VERTEX_POINT('',#2465);
#2465 = CARTESIAN_POINT('',(143.751479,-174.127307,1.585));
#2466 = LINE('',#2467,#2468);
#2467 = CARTESIAN_POINT('',(143.780843,-174.196046,1.585));
#2468 = VECTOR('',#2469,1.);
#2469 = DIRECTION('',(-0.392838848435,0.919607328788,0.));
#2470 = ORIENTED_EDGE('',*,*,#2471,.T.);
#2471 = EDGE_CURVE('',#2464,#2472,#2474,.T.);
#2472 = VERTEX_POINT('',#2473);
#2473 = CARTESIAN_POINT('',(143.741502,-174.049684,1.585));
#2474 = LINE('',#2475,#2476);
#2475 = CARTESIAN_POINT('',(143.751479,-174.127307,1.585));
#2476 = VECTOR('',#2477,1.);
#2477 = DIRECTION('',(-0.127482775818,0.991840784536,0.));
#2478 = ORIENTED_EDGE('',*,*,#2479,.T.);
#2479 = EDGE_CURVE('',#2472,#2480,#2482,.T.);
#2480 = VERTEX_POINT('',#2481);
#2481 = CARTESIAN_POINT('',(143.741502,-172.895807,1.585));
#2482 = LINE('',#2483,#2484);
#2483 = CARTESIAN_POINT('',(143.741502,-174.049684,1.585));
#2484 = VECTOR('',#2485,1.);
#2485 = DIRECTION('',(0.,1.,0.));
#2486 = ORIENTED_EDGE('',*,*,#2487,.T.);
#2487 = EDGE_CURVE('',#2480,#2370,#2488,.T.);
#2488 = LINE('',#2489,#2490);
#2489 = CARTESIAN_POINT('',(143.741502,-172.895807,1.585));
#2490 = VECTOR('',#2491,1.);
#2491 = DIRECTION('',(0.13001753761,0.99151169429,0.));
#2492 = FACE_BOUND('',#2493,.F.);
#2493 = EDGE_LOOP('',(#2494,#2504,#2512,#2520,#2528,#2536,#2544));
#2494 = ORIENTED_EDGE('',*,*,#2495,.T.);
#2495 = EDGE_CURVE('',#2496,#2498,#2500,.T.);
#2496 = VERTEX_POINT('',#2497);
#2497 = CARTESIAN_POINT('',(144.029971,-174.142484,1.585));
#2498 = VERTEX_POINT('',#2499);
#2499 = CARTESIAN_POINT('',(145.024094,-174.142484,1.585));
#2500 = LINE('',#2501,#2502);
#2501 = CARTESIAN_POINT('',(144.029971,-174.142484,1.585));
#2502 = VECTOR('',#2503,1.);
#2503 = DIRECTION('',(1.,0.,0.));
#2504 = ORIENTED_EDGE('',*,*,#2505,.T.);
#2505 = EDGE_CURVE('',#2498,#2506,#2508,.T.);
#2506 = VERTEX_POINT('',#2507);
#2507 = CARTESIAN_POINT('',(143.93686,-172.829166,1.585));
#2508 = LINE('',#2509,#2510);
#2509 = CARTESIAN_POINT('',(145.024094,-174.142484,1.585));
#2510 = VECTOR('',#2511,1.);
#2511 = DIRECTION('',(-0.637689591433,0.770293440825,0.));
#2512 = ORIENTED_EDGE('',*,*,#2513,.T.);
#2513 = EDGE_CURVE('',#2506,#2514,#2516,.T.);
#2514 = VERTEX_POINT('',#2515);
#2515 = CARTESIAN_POINT('',(143.93686,-174.049684,1.585));
#2516 = LINE('',#2517,#2518);
#2517 = CARTESIAN_POINT('',(143.93686,-172.829166,1.585));
#2518 = VECTOR('',#2519,1.);
#2519 = DIRECTION('',(0.,-1.,0.));
#2520 = ORIENTED_EDGE('',*,*,#2521,.T.);
#2521 = EDGE_CURVE('',#2514,#2522,#2524,.T.);
#2522 = VERTEX_POINT('',#2523);
#2523 = CARTESIAN_POINT('',(143.94368,-174.085034,1.585));
#2524 = LINE('',#2525,#2526);
#2525 = CARTESIAN_POINT('',(143.93686,-174.049684,1.585));
#2526 = VECTOR('',#2527,1.);
#2527 = DIRECTION('',(0.189434585625,-0.981893343378,0.));
#2528 = ORIENTED_EDGE('',*,*,#2529,.T.);
#2529 = EDGE_CURVE('',#2522,#2530,#2532,.T.);
#2530 = VERTEX_POINT('',#2531);
#2531 = CARTESIAN_POINT('',(143.964264,-174.115184,1.585));
#2532 = LINE('',#2533,#2534);
#2533 = CARTESIAN_POINT('',(143.94368,-174.085034,1.585));
#2534 = VECTOR('',#2535,1.);
#2535 = DIRECTION('',(0.563845003392,-0.825880628269,0.));
#2536 = ORIENTED_EDGE('',*,*,#2537,.T.);
#2537 = EDGE_CURVE('',#2530,#2538,#2540,.T.);
#2538 = VERTEX_POINT('',#2539);
#2539 = CARTESIAN_POINT('',(143.994434,-174.135676,1.585));
#2540 = LINE('',#2541,#2542);
#2541 = CARTESIAN_POINT('',(143.964264,-174.115184,1.585));
#2542 = VECTOR('',#2543,1.);
#2543 = DIRECTION('',(0.827227271272,-0.561867459161,0.));
#2544 = ORIENTED_EDGE('',*,*,#2545,.T.);
#2545 = EDGE_CURVE('',#2538,#2496,#2546,.T.);
#2546 = LINE('',#2547,#2548);
#2547 = CARTESIAN_POINT('',(143.994434,-174.135676,1.585));
#2548 = VECTOR('',#2549,1.);
#2549 = DIRECTION('',(0.982139656251,-0.188153383228,0.));
#2550 = FACE_BOUND('',#2551,.F.);
#2551 = EDGE_LOOP('',(#2552,#2562,#2570,#2578,#2586,#2594,#2602));
#2552 = ORIENTED_EDGE('',*,*,#2553,.T.);
#2553 = EDGE_CURVE('',#2554,#2556,#2558,.T.);
#2554 = VERTEX_POINT('',#2555);
#2555 = CARTESIAN_POINT('',(145.202575,-172.809833,1.585));
#2556 = VERTEX_POINT('',#2557);
#2557 = CARTESIAN_POINT('',(145.167135,-172.803007,1.585));
#2558 = LINE('',#2559,#2560);
#2559 = CARTESIAN_POINT('',(145.202575,-172.809833,1.585));
#2560 = VECTOR('',#2561,1.);
#2561 = DIRECTION('',(-0.981951860692,0.189131021475,0.));
#2562 = ORIENTED_EDGE('',*,*,#2563,.T.);
#2563 = EDGE_CURVE('',#2556,#2564,#2566,.T.);
#2564 = VERTEX_POINT('',#2565);
#2565 = CARTESIAN_POINT('',(144.172908,-172.803007,1.585));
#2566 = LINE('',#2567,#2568);
#2567 = CARTESIAN_POINT('',(145.167135,-172.803007,1.585));
#2568 = VECTOR('',#2569,1.);
#2569 = DIRECTION('',(-1.,0.,0.));
#2570 = ORIENTED_EDGE('',*,*,#2571,.T.);
#2571 = EDGE_CURVE('',#2564,#2572,#2574,.T.);
#2572 = VERTEX_POINT('',#2573);
#2573 = CARTESIAN_POINT('',(145.260143,-174.118713,1.585));
#2574 = LINE('',#2575,#2576);
#2575 = CARTESIAN_POINT('',(144.172908,-172.803007,1.585));
#2576 = VECTOR('',#2577,1.);
#2577 = DIRECTION('',(0.637002431145,-0.770861792227,0.));
#2578 = ORIENTED_EDGE('',*,*,#2579,.T.);
#2579 = EDGE_CURVE('',#2572,#2580,#2582,.T.);
#2580 = VERTEX_POINT('',#2581);
#2581 = CARTESIAN_POINT('',(145.260143,-172.895807,1.585));
#2582 = LINE('',#2583,#2584);
#2583 = CARTESIAN_POINT('',(145.260143,-174.118713,1.585));
#2584 = VECTOR('',#2585,1.);
#2585 = DIRECTION('',(0.,1.,0.));
#2586 = ORIENTED_EDGE('',*,*,#2587,.T.);
#2587 = EDGE_CURVE('',#2580,#2588,#2590,.T.);
#2588 = VERTEX_POINT('',#2589);
#2589 = CARTESIAN_POINT('',(145.253319,-172.860475,1.585));
#2590 = LINE('',#2591,#2592);
#2591 = CARTESIAN_POINT('',(145.260143,-172.895807,1.585));
#2592 = VECTOR('',#2593,1.);
#2593 = DIRECTION('',(-0.189634791458,0.981854696922,0.));
#2594 = ORIENTED_EDGE('',*,*,#2595,.T.);
#2595 = EDGE_CURVE('',#2588,#2596,#2598,.T.);
#2596 = VERTEX_POINT('',#2597);
#2597 = CARTESIAN_POINT('',(145.232739,-172.830411,1.585));
#2598 = LINE('',#2599,#2600);
#2599 = CARTESIAN_POINT('',(145.253319,-172.860475,1.585));
#2600 = VECTOR('',#2601,1.);
#2601 = DIRECTION('',(-0.564868886982,0.825180671441,0.));
#2602 = ORIENTED_EDGE('',*,*,#2603,.T.);
#2603 = EDGE_CURVE('',#2596,#2554,#2604,.T.);
#2604 = LINE('',#2605,#2606);
#2605 = CARTESIAN_POINT('',(145.232739,-172.830411,1.585));
#2606 = VECTOR('',#2607,1.);
#2607 = DIRECTION('',(-0.826078988049,0.563554350088,0.));
#2608 = PLANE('',#2609);
#2609 = AXIS2_PLACEMENT_3D('',#2610,#2611,#2612);
#2610 = CARTESIAN_POINT('',(0.,0.,1.585));
#2611 = DIRECTION('',(0.,0.,1.));
#2612 = DIRECTION('',(1.,0.,-0.));
#2613 = SHELL_BASED_SURFACE_MODEL('',(#2614));
#2614 = OPEN_SHELL('',(#2615));
#2615 = ADVANCED_FACE('',(#2616),#2674,.T.);
#2616 = FACE_BOUND('',#2617,.F.);
#2617 = EDGE_LOOP('',(#2618,#2628,#2636,#2644,#2652,#2660,#2668));
#2618 = ORIENTED_EDGE('',*,*,#2619,.T.);
#2619 = EDGE_CURVE('',#2620,#2622,#2624,.T.);
#2620 = VERTEX_POINT('',#2621);
#2621 = CARTESIAN_POINT('',(143.741502,-172.036628,1.585));
#2622 = VERTEX_POINT('',#2623);
#2623 = CARTESIAN_POINT('',(143.741502,-171.772449,1.585));
#2624 = LINE('',#2625,#2626);
#2625 = CARTESIAN_POINT('',(143.741502,-172.036628,1.585));
#2626 = VECTOR('',#2627,1.);
#2627 = DIRECTION('',(0.,1.,0.));
#2628 = ORIENTED_EDGE('',*,*,#2629,.T.);
#2629 = EDGE_CURVE('',#2622,#2630,#2632,.T.);
#2630 = VERTEX_POINT('',#2631);
#2631 = CARTESIAN_POINT('',(145.455501,-171.772449,1.585));
#2632 = LINE('',#2633,#2634);
#2633 = CARTESIAN_POINT('',(143.741502,-171.772449,1.585));
#2634 = VECTOR('',#2635,1.);
#2635 = DIRECTION('',(1.,0.,0.));
#2636 = ORIENTED_EDGE('',*,*,#2637,.T.);
#2637 = EDGE_CURVE('',#2630,#2638,#2640,.T.);
#2638 = VERTEX_POINT('',#2639);
#2639 = CARTESIAN_POINT('',(145.455501,-171.967599,1.585));
#2640 = LINE('',#2641,#2642);
#2641 = CARTESIAN_POINT('',(145.455501,-171.772449,1.585));
#2642 = VECTOR('',#2643,1.);
#2643 = DIRECTION('',(0.,-1.,0.));
#2644 = ORIENTED_EDGE('',*,*,#2645,.T.);
#2645 = EDGE_CURVE('',#2638,#2646,#2648,.T.);
#2646 = VERTEX_POINT('',#2647);
#2647 = CARTESIAN_POINT('',(143.960527,-171.967599,1.585));
#2648 = LINE('',#2649,#2650);
#2649 = CARTESIAN_POINT('',(145.455501,-171.967599,1.585));
#2650 = VECTOR('',#2651,1.);
#2651 = DIRECTION('',(-1.,0.,0.));
#2652 = ORIENTED_EDGE('',*,*,#2653,.T.);
#2653 = EDGE_CURVE('',#2646,#2654,#2656,.T.);
#2654 = VERTEX_POINT('',#2655);
#2655 = CARTESIAN_POINT('',(144.27723,-172.231778,1.585));
#2656 = LINE('',#2657,#2658);
#2657 = CARTESIAN_POINT('',(143.960527,-171.967599,1.585));
#2658 = VECTOR('',#2659,1.);
#2659 = DIRECTION('',(0.767911344121,-0.640556139281,0.));
#2660 = ORIENTED_EDGE('',*,*,#2661,.T.);
#2661 = EDGE_CURVE('',#2654,#2662,#2664,.T.);
#2662 = VERTEX_POINT('',#2663);
#2663 = CARTESIAN_POINT('',(144.27723,-172.486407,1.585));
#2664 = LINE('',#2665,#2666);
#2665 = CARTESIAN_POINT('',(144.27723,-172.231778,1.585));
#2666 = VECTOR('',#2667,1.);
#2667 = DIRECTION('',(0.,-1.,0.));
#2668 = ORIENTED_EDGE('',*,*,#2669,.T.);
#2669 = EDGE_CURVE('',#2662,#2620,#2670,.T.);
#2670 = LINE('',#2671,#2672);
#2671 = CARTESIAN_POINT('',(144.27723,-172.486407,1.585));
#2672 = VECTOR('',#2673,1.);
#2673 = DIRECTION('',(-0.765868548892,0.642997174036,0.));
#2674 = PLANE('',#2675);
#2675 = AXIS2_PLACEMENT_3D('',#2676,#2677,#2678);
#2676 = CARTESIAN_POINT('',(0.,0.,1.585));
#2677 = DIRECTION('',(0.,0.,1.));
#2678 = DIRECTION('',(1.,0.,-0.));
#2679 = SHELL_BASED_SURFACE_MODEL('',(#2680));
#2680 = OPEN_SHELL('',(#2681));
#2681 = ADVANCED_FACE('',(#2682),#2764,.T.);
#2682 = FACE_BOUND('',#2683,.F.);
#2683 = EDGE_LOOP('',(#2684,#2694,#2702,#2710,#2718,#2726,#2734,#2742,
    #2750,#2758));
#2684 = ORIENTED_EDGE('',*,*,#2685,.T.);
#2685 = EDGE_CURVE('',#2686,#2688,#2690,.T.);
#2686 = VERTEX_POINT('',#2687);
#2687 = CARTESIAN_POINT('',(150.,-153.,1.585));
#2688 = VERTEX_POINT('',#2689);
#2689 = CARTESIAN_POINT('',(150.168211,-152.99528,1.585));
#2690 = LINE('',#2691,#2692);
#2691 = CARTESIAN_POINT('',(150.,-153.,1.585));
#2692 = VECTOR('',#2693,1.);
#2693 = DIRECTION('',(0.999606550636,2.804895588868E-02,0.));
#2694 = ORIENTED_EDGE('',*,*,#2695,.T.);
#2695 = EDGE_CURVE('',#2688,#2696,#2698,.T.);
#2696 = VERTEX_POINT('',#2697);
#2697 = CARTESIAN_POINT('',(150.25,-152.986064,1.585));
#2698 = LINE('',#2699,#2700);
#2699 = CARTESIAN_POINT('',(150.168211,-152.99528,1.585));
#2700 = VECTOR('',#2701,1.);
#2701 = DIRECTION('',(0.993711408372,0.111971589573,0.));
#2702 = ORIENTED_EDGE('',*,*,#2703,.T.);
#2703 = EDGE_CURVE('',#2696,#2704,#2706,.T.);
#2704 = VERTEX_POINT('',#2705);
#2705 = CARTESIAN_POINT('',(150.25,-159.013935,1.585));
#2706 = LINE('',#2707,#2708);
#2707 = CARTESIAN_POINT('',(150.25,-152.986064,1.585));
#2708 = VECTOR('',#2709,1.);
#2709 = DIRECTION('',(0.,-1.,0.));
#2710 = ORIENTED_EDGE('',*,*,#2711,.T.);
#2711 = EDGE_CURVE('',#2704,#2712,#2714,.T.);
#2712 = VERTEX_POINT('',#2713);
#2713 = CARTESIAN_POINT('',(150.168211,-159.00472,1.585));
#2714 = LINE('',#2715,#2716);
#2715 = CARTESIAN_POINT('',(150.25,-159.013935,1.585));
#2716 = VECTOR('',#2717,1.);
#2717 = DIRECTION('',(-0.993712760167,0.111959592182,0.));
#2718 = ORIENTED_EDGE('',*,*,#2719,.T.);
#2719 = EDGE_CURVE('',#2712,#2720,#2722,.T.);
#2720 = VERTEX_POINT('',#2721);
#2721 = CARTESIAN_POINT('',(150.,-159.,1.585));
#2722 = LINE('',#2723,#2724);
#2723 = CARTESIAN_POINT('',(150.168211,-159.00472,1.585));
#2724 = VECTOR('',#2725,1.);
#2725 = DIRECTION('',(-0.999606550636,2.804895588868E-02,0.));
#2726 = ORIENTED_EDGE('',*,*,#2727,.T.);
#2727 = EDGE_CURVE('',#2720,#2728,#2730,.T.);
#2728 = VERTEX_POINT('',#2729);
#2729 = CARTESIAN_POINT('',(149.831789,-159.00472,1.585));
#2730 = LINE('',#2731,#2732);
#2731 = CARTESIAN_POINT('',(150.,-159.,1.585));
#2732 = VECTOR('',#2733,1.);
#2733 = DIRECTION('',(-0.999606550636,-2.804895588868E-02,0.));
#2734 = ORIENTED_EDGE('',*,*,#2735,.T.);
#2735 = EDGE_CURVE('',#2728,#2736,#2738,.T.);
#2736 = VERTEX_POINT('',#2737);
#2737 = CARTESIAN_POINT('',(149.75,-159.013935,1.585));
#2738 = LINE('',#2739,#2740);
#2739 = CARTESIAN_POINT('',(149.831789,-159.00472,1.585));
#2740 = VECTOR('',#2741,1.);
#2741 = DIRECTION('',(-0.993712760167,-0.111959592182,0.));
#2742 = ORIENTED_EDGE('',*,*,#2743,.T.);
#2743 = EDGE_CURVE('',#2736,#2744,#2746,.T.);
#2744 = VERTEX_POINT('',#2745);
#2745 = CARTESIAN_POINT('',(149.75,-152.986064,1.585));
#2746 = LINE('',#2747,#2748);
#2747 = CARTESIAN_POINT('',(149.75,-159.013935,1.585));
#2748 = VECTOR('',#2749,1.);
#2749 = DIRECTION('',(0.,1.,0.));
#2750 = ORIENTED_EDGE('',*,*,#2751,.T.);
#2751 = EDGE_CURVE('',#2744,#2752,#2754,.T.);
#2752 = VERTEX_POINT('',#2753);
#2753 = CARTESIAN_POINT('',(149.831789,-152.99528,1.585));
#2754 = LINE('',#2755,#2756);
#2755 = CARTESIAN_POINT('',(149.75,-152.986064,1.585));
#2756 = VECTOR('',#2757,1.);
#2757 = DIRECTION('',(0.993711408372,-0.111971589573,0.));
#2758 = ORIENTED_EDGE('',*,*,#2759,.T.);
#2759 = EDGE_CURVE('',#2752,#2686,#2760,.T.);
#2760 = LINE('',#2761,#2762);
#2761 = CARTESIAN_POINT('',(149.831789,-152.99528,1.585));
#2762 = VECTOR('',#2763,1.);
#2763 = DIRECTION('',(0.999606550636,-2.804895588868E-02,0.));
#2764 = PLANE('',#2765);
#2765 = AXIS2_PLACEMENT_3D('',#2766,#2767,#2768);
#2766 = CARTESIAN_POINT('',(0.,0.,1.585));
#2767 = DIRECTION('',(0.,0.,1.));
#2768 = DIRECTION('',(1.,0.,-0.));
#2769 = SHELL_BASED_SURFACE_MODEL('',(#2770));
#2770 = OPEN_SHELL('',(#2771));
#2771 = ADVANCED_FACE('',(#2772),#2854,.T.);
#2772 = FACE_BOUND('',#2773,.F.);
#2773 = EDGE_LOOP('',(#2774,#2784,#2792,#2800,#2808,#2816,#2824,#2832,
    #2840,#2848));
#2774 = ORIENTED_EDGE('',*,*,#2775,.T.);
#2775 = EDGE_CURVE('',#2776,#2778,#2780,.T.);
#2776 = VERTEX_POINT('',#2777);
#2777 = CARTESIAN_POINT('',(150.,-141.,1.585));
#2778 = VERTEX_POINT('',#2779);
#2779 = CARTESIAN_POINT('',(150.168211,-140.99528,1.585));
#2780 = LINE('',#2781,#2782);
#2781 = CARTESIAN_POINT('',(150.,-141.,1.585));
#2782 = VECTOR('',#2783,1.);
#2783 = DIRECTION('',(0.999606550636,2.804895588868E-02,0.));
#2784 = ORIENTED_EDGE('',*,*,#2785,.T.);
#2785 = EDGE_CURVE('',#2778,#2786,#2788,.T.);
#2786 = VERTEX_POINT('',#2787);
#2787 = CARTESIAN_POINT('',(150.25,-140.986064,1.585));
#2788 = LINE('',#2789,#2790);
#2789 = CARTESIAN_POINT('',(150.168211,-140.99528,1.585));
#2790 = VECTOR('',#2791,1.);
#2791 = DIRECTION('',(0.993711408372,0.111971589573,0.));
#2792 = ORIENTED_EDGE('',*,*,#2793,.T.);
#2793 = EDGE_CURVE('',#2786,#2794,#2796,.T.);
#2794 = VERTEX_POINT('',#2795);
#2795 = CARTESIAN_POINT('',(150.25,-147.013935,1.585));
#2796 = LINE('',#2797,#2798);
#2797 = CARTESIAN_POINT('',(150.25,-140.986064,1.585));
#2798 = VECTOR('',#2799,1.);
#2799 = DIRECTION('',(0.,-1.,0.));
#2800 = ORIENTED_EDGE('',*,*,#2801,.T.);
#2801 = EDGE_CURVE('',#2794,#2802,#2804,.T.);
#2802 = VERTEX_POINT('',#2803);
#2803 = CARTESIAN_POINT('',(150.168211,-147.00472,1.585));
#2804 = LINE('',#2805,#2806);
#2805 = CARTESIAN_POINT('',(150.25,-147.013935,1.585));
#2806 = VECTOR('',#2807,1.);
#2807 = DIRECTION('',(-0.993712760167,0.111959592182,0.));
#2808 = ORIENTED_EDGE('',*,*,#2809,.T.);
#2809 = EDGE_CURVE('',#2802,#2810,#2812,.T.);
#2810 = VERTEX_POINT('',#2811);
#2811 = CARTESIAN_POINT('',(150.,-147.,1.585));
#2812 = LINE('',#2813,#2814);
#2813 = CARTESIAN_POINT('',(150.168211,-147.00472,1.585));
#2814 = VECTOR('',#2815,1.);
#2815 = DIRECTION('',(-0.999606550636,2.804895588868E-02,0.));
#2816 = ORIENTED_EDGE('',*,*,#2817,.T.);
#2817 = EDGE_CURVE('',#2810,#2818,#2820,.T.);
#2818 = VERTEX_POINT('',#2819);
#2819 = CARTESIAN_POINT('',(149.831789,-147.00472,1.585));
#2820 = LINE('',#2821,#2822);
#2821 = CARTESIAN_POINT('',(150.,-147.,1.585));
#2822 = VECTOR('',#2823,1.);
#2823 = DIRECTION('',(-0.999606550636,-2.804895588868E-02,0.));
#2824 = ORIENTED_EDGE('',*,*,#2825,.T.);
#2825 = EDGE_CURVE('',#2818,#2826,#2828,.T.);
#2826 = VERTEX_POINT('',#2827);
#2827 = CARTESIAN_POINT('',(149.75,-147.013935,1.585));
#2828 = LINE('',#2829,#2830);
#2829 = CARTESIAN_POINT('',(149.831789,-147.00472,1.585));
#2830 = VECTOR('',#2831,1.);
#2831 = DIRECTION('',(-0.993712760167,-0.111959592182,0.));
#2832 = ORIENTED_EDGE('',*,*,#2833,.T.);
#2833 = EDGE_CURVE('',#2826,#2834,#2836,.T.);
#2834 = VERTEX_POINT('',#2835);
#2835 = CARTESIAN_POINT('',(149.75,-140.986064,1.585));
#2836 = LINE('',#2837,#2838);
#2837 = CARTESIAN_POINT('',(149.75,-147.013935,1.585));
#2838 = VECTOR('',#2839,1.);
#2839 = DIRECTION('',(0.,1.,0.));
#2840 = ORIENTED_EDGE('',*,*,#2841,.T.);
#2841 = EDGE_CURVE('',#2834,#2842,#2844,.T.);
#2842 = VERTEX_POINT('',#2843);
#2843 = CARTESIAN_POINT('',(149.831789,-140.99528,1.585));
#2844 = LINE('',#2845,#2846);
#2845 = CARTESIAN_POINT('',(149.75,-140.986064,1.585));
#2846 = VECTOR('',#2847,1.);
#2847 = DIRECTION('',(0.993711408372,-0.111971589573,0.));
#2848 = ORIENTED_EDGE('',*,*,#2849,.T.);
#2849 = EDGE_CURVE('',#2842,#2776,#2850,.T.);
#2850 = LINE('',#2851,#2852);
#2851 = CARTESIAN_POINT('',(149.831789,-140.99528,1.585));
#2852 = VECTOR('',#2853,1.);
#2853 = DIRECTION('',(0.999606550636,-2.804895588868E-02,0.));
#2854 = PLANE('',#2855);
#2855 = AXIS2_PLACEMENT_3D('',#2856,#2857,#2858);
#2856 = CARTESIAN_POINT('',(0.,0.,1.585));
#2857 = DIRECTION('',(0.,0.,1.));
#2858 = DIRECTION('',(1.,0.,-0.));
#2859 = SHELL_BASED_SURFACE_MODEL('',(#2860));
#2860 = OPEN_SHELL('',(#2861));
#2861 = ADVANCED_FACE('',(#2862),#2944,.T.);
#2862 = FACE_BOUND('',#2863,.F.);
#2863 = EDGE_LOOP('',(#2864,#2874,#2882,#2890,#2898,#2906,#2914,#2922,
    #2930,#2938));
#2864 = ORIENTED_EDGE('',*,*,#2865,.T.);
#2865 = EDGE_CURVE('',#2866,#2868,#2870,.T.);
#2866 = VERTEX_POINT('',#2867);
#2867 = CARTESIAN_POINT('',(150.,-129.,1.585));
#2868 = VERTEX_POINT('',#2869);
#2869 = CARTESIAN_POINT('',(150.168211,-128.99528,1.585));
#2870 = LINE('',#2871,#2872);
#2871 = CARTESIAN_POINT('',(150.,-129.,1.585));
#2872 = VECTOR('',#2873,1.);
#2873 = DIRECTION('',(0.999606550636,2.804895588868E-02,0.));
#2874 = ORIENTED_EDGE('',*,*,#2875,.T.);
#2875 = EDGE_CURVE('',#2868,#2876,#2878,.T.);
#2876 = VERTEX_POINT('',#2877);
#2877 = CARTESIAN_POINT('',(150.25,-128.986064,1.585));
#2878 = LINE('',#2879,#2880);
#2879 = CARTESIAN_POINT('',(150.168211,-128.99528,1.585));
#2880 = VECTOR('',#2881,1.);
#2881 = DIRECTION('',(0.993711408372,0.111971589573,0.));
#2882 = ORIENTED_EDGE('',*,*,#2883,.T.);
#2883 = EDGE_CURVE('',#2876,#2884,#2886,.T.);
#2884 = VERTEX_POINT('',#2885);
#2885 = CARTESIAN_POINT('',(150.25,-135.013935,1.585));
#2886 = LINE('',#2887,#2888);
#2887 = CARTESIAN_POINT('',(150.25,-128.986064,1.585));
#2888 = VECTOR('',#2889,1.);
#2889 = DIRECTION('',(0.,-1.,0.));
#2890 = ORIENTED_EDGE('',*,*,#2891,.T.);
#2891 = EDGE_CURVE('',#2884,#2892,#2894,.T.);
#2892 = VERTEX_POINT('',#2893);
#2893 = CARTESIAN_POINT('',(150.168211,-135.00472,1.585));
#2894 = LINE('',#2895,#2896);
#2895 = CARTESIAN_POINT('',(150.25,-135.013935,1.585));
#2896 = VECTOR('',#2897,1.);
#2897 = DIRECTION('',(-0.993712760167,0.111959592182,0.));
#2898 = ORIENTED_EDGE('',*,*,#2899,.T.);
#2899 = EDGE_CURVE('',#2892,#2900,#2902,.T.);
#2900 = VERTEX_POINT('',#2901);
#2901 = CARTESIAN_POINT('',(150.,-135.,1.585));
#2902 = LINE('',#2903,#2904);
#2903 = CARTESIAN_POINT('',(150.168211,-135.00472,1.585));
#2904 = VECTOR('',#2905,1.);
#2905 = DIRECTION('',(-0.999606550636,2.804895588868E-02,0.));
#2906 = ORIENTED_EDGE('',*,*,#2907,.T.);
#2907 = EDGE_CURVE('',#2900,#2908,#2910,.T.);
#2908 = VERTEX_POINT('',#2909);
#2909 = CARTESIAN_POINT('',(149.831789,-135.00472,1.585));
#2910 = LINE('',#2911,#2912);
#2911 = CARTESIAN_POINT('',(150.,-135.,1.585));
#2912 = VECTOR('',#2913,1.);
#2913 = DIRECTION('',(-0.999606550636,-2.804895588868E-02,0.));
#2914 = ORIENTED_EDGE('',*,*,#2915,.T.);
#2915 = EDGE_CURVE('',#2908,#2916,#2918,.T.);
#2916 = VERTEX_POINT('',#2917);
#2917 = CARTESIAN_POINT('',(149.75,-135.013935,1.585));
#2918 = LINE('',#2919,#2920);
#2919 = CARTESIAN_POINT('',(149.831789,-135.00472,1.585));
#2920 = VECTOR('',#2921,1.);
#2921 = DIRECTION('',(-0.993712760167,-0.111959592182,0.));
#2922 = ORIENTED_EDGE('',*,*,#2923,.T.);
#2923 = EDGE_CURVE('',#2916,#2924,#2926,.T.);
#2924 = VERTEX_POINT('',#2925);
#2925 = CARTESIAN_POINT('',(149.75,-128.986064,1.585));
#2926 = LINE('',#2927,#2928);
#2927 = CARTESIAN_POINT('',(149.75,-135.013935,1.585));
#2928 = VECTOR('',#2929,1.);
#2929 = DIRECTION('',(0.,1.,0.));
#2930 = ORIENTED_EDGE('',*,*,#2931,.T.);
#2931 = EDGE_CURVE('',#2924,#2932,#2934,.T.);
#2932 = VERTEX_POINT('',#2933);
#2933 = CARTESIAN_POINT('',(149.831789,-128.99528,1.585));
#2934 = LINE('',#2935,#2936);
#2935 = CARTESIAN_POINT('',(149.75,-128.986064,1.585));
#2936 = VECTOR('',#2937,1.);
#2937 = DIRECTION('',(0.993711408372,-0.111971589573,0.));
#2938 = ORIENTED_EDGE('',*,*,#2939,.T.);
#2939 = EDGE_CURVE('',#2932,#2866,#2940,.T.);
#2940 = LINE('',#2941,#2942);
#2941 = CARTESIAN_POINT('',(149.831789,-128.99528,1.585));
#2942 = VECTOR('',#2943,1.);
#2943 = DIRECTION('',(0.999606550636,-2.804895588868E-02,0.));
#2944 = PLANE('',#2945);
#2945 = AXIS2_PLACEMENT_3D('',#2946,#2947,#2948);
#2946 = CARTESIAN_POINT('',(0.,0.,1.585));
#2947 = DIRECTION('',(0.,0.,1.));
#2948 = DIRECTION('',(1.,0.,-0.));
#2949 = SHELL_BASED_SURFACE_MODEL('',(#2950));
#2950 = OPEN_SHELL('',(#2951));
#2951 = ADVANCED_FACE('',(#2952),#3079,.T.);
#2952 = FACE_BOUND('',#2953,.F.);
#2953 = EDGE_LOOP('',(#2954,#2964,#2973,#2981,#2989,#2997,#3006,#3014,
    #3023,#3031,#3039,#3048,#3056,#3064,#3073));
#2954 = ORIENTED_EDGE('',*,*,#2955,.T.);
#2955 = EDGE_CURVE('',#2956,#2958,#2960,.T.);
#2956 = VERTEX_POINT('',#2957);
#2957 = CARTESIAN_POINT('',(145.087642,-119.407632,1.585));
#2958 = VERTEX_POINT('',#2959);
#2959 = CARTESIAN_POINT('',(145.22961,-119.445672,1.585));
#2960 = LINE('',#2961,#2962);
#2961 = CARTESIAN_POINT('',(145.087642,-119.407632,1.585));
#2962 = VECTOR('',#2963,1.);
#2963 = DIRECTION('',(0.965926185107,-0.258817705972,0.));
#2964 = ORIENTED_EDGE('',*,*,#2965,.T.);
#2965 = EDGE_CURVE('',#2958,#2966,#2968,.T.);
#2966 = VERTEX_POINT('',#2967);
#2967 = CARTESIAN_POINT('',(145.365257,-120.476012,1.585));
#2968 = CIRCLE('',#2969,0.600000200277);
#2969 = AXIS2_PLACEMENT_3D('',#2970,#2971,#2972);
#2970 = CARTESIAN_POINT('',(144.99999990851,-119.999999923,1.585));
#2971 = DIRECTION('',(0.,0.,-1.));
#2972 = DIRECTION('',(0.382683358077,0.923879563282,0.));
#2973 = ORIENTED_EDGE('',*,*,#2974,.T.);
#2974 = EDGE_CURVE('',#2966,#2975,#2977,.T.);
#2975 = VERTEX_POINT('',#2976);
#2976 = CARTESIAN_POINT('',(145.25,-120.542555,1.585));
#2977 = LINE('',#2978,#2979);
#2978 = CARTESIAN_POINT('',(145.365257,-120.476012,1.585));
#2979 = VECTOR('',#2980,1.);
#2980 = DIRECTION('',(-0.866027551079,-0.499996280759,0.));
#2981 = ORIENTED_EDGE('',*,*,#2982,.T.);
#2982 = EDGE_CURVE('',#2975,#2983,#2985,.T.);
#2983 = VERTEX_POINT('',#2984);
#2984 = CARTESIAN_POINT('',(145.25,-125.75,1.585));
#2985 = LINE('',#2986,#2987);
#2986 = CARTESIAN_POINT('',(145.25,-120.542555,1.585));
#2987 = VECTOR('',#2988,1.);
#2988 = DIRECTION('',(0.,-1.,0.));
#2989 = ORIENTED_EDGE('',*,*,#2990,.T.);
#2990 = EDGE_CURVE('',#2983,#2991,#2993,.T.);
#2991 = VERTEX_POINT('',#2992);
#2992 = CARTESIAN_POINT('',(147.013935,-125.75,1.585));
#2993 = LINE('',#2994,#2995);
#2994 = CARTESIAN_POINT('',(145.25,-125.75,1.585));
#2995 = VECTOR('',#2996,1.);
#2996 = DIRECTION('',(1.,0.,0.));
#2997 = ORIENTED_EDGE('',*,*,#2998,.T.);
#2998 = EDGE_CURVE('',#2991,#2999,#3001,.T.);
#2999 = VERTEX_POINT('',#3000);
#3000 = CARTESIAN_POINT('',(147.013935,-126.25,1.585));
#3001 = CIRCLE('',#3002,1.868140561757);
#3002 = AXIS2_PLACEMENT_3D('',#3003,#3004,#3005);
#3003 = CARTESIAN_POINT('',(148.86527212718,-126.,1.585));
#3004 = DIRECTION('',(0.,0.,1.));
#3005 = DIRECTION('',(-0.991005262174,0.133822906647,0.));
#3006 = ORIENTED_EDGE('',*,*,#3007,.T.);
#3007 = EDGE_CURVE('',#2999,#3008,#3010,.T.);
#3008 = VERTEX_POINT('',#3009);
#3009 = CARTESIAN_POINT('',(145.,-126.25,1.585));
#3010 = LINE('',#3011,#3012);
#3011 = CARTESIAN_POINT('',(147.013935,-126.25,1.585));
#3012 = VECTOR('',#3013,1.);
#3013 = DIRECTION('',(-1.,0.,0.));
#3014 = ORIENTED_EDGE('',*,*,#3015,.T.);
#3015 = EDGE_CURVE('',#3008,#3016,#3018,.T.);
#3016 = VERTEX_POINT('',#3017);
#3017 = CARTESIAN_POINT('',(144.75,-126.,1.585));
#3018 = CIRCLE('',#3019,0.250000231821);
#3019 = AXIS2_PLACEMENT_3D('',#3020,#3021,#3022);
#3020 = CARTESIAN_POINT('',(145.00000023182,-125.9999997681,1.585));
#3021 = DIRECTION('',(0.,0.,-1.));
#3022 = DIRECTION('',(-9.272832172237E-07,-1.,-0.));
#3023 = ORIENTED_EDGE('',*,*,#3024,.T.);
#3024 = EDGE_CURVE('',#3016,#3025,#3027,.T.);
#3025 = VERTEX_POINT('',#3026);
#3026 = CARTESIAN_POINT('',(144.75,-120.542555,1.585));
#3027 = LINE('',#3028,#3029);
#3028 = CARTESIAN_POINT('',(144.75,-126.,1.585));
#3029 = VECTOR('',#3030,1.);
#3030 = DIRECTION('',(0.,1.,0.));
#3031 = ORIENTED_EDGE('',*,*,#3032,.T.);
#3032 = EDGE_CURVE('',#3025,#3033,#3035,.T.);
#3033 = VERTEX_POINT('',#3034);
#3034 = CARTESIAN_POINT('',(144.634743,-120.476012,1.585));
#3035 = LINE('',#3036,#3037);
#3036 = CARTESIAN_POINT('',(144.75,-120.542555,1.585));
#3037 = VECTOR('',#3038,1.);
#3038 = DIRECTION('',(-0.866027551079,0.499996280759,0.));
#3039 = ORIENTED_EDGE('',*,*,#3040,.T.);
#3040 = EDGE_CURVE('',#3033,#3041,#3043,.T.);
#3041 = VERTEX_POINT('',#3042);
#3042 = CARTESIAN_POINT('',(144.523988,-119.634743,1.585));
#3043 = CIRCLE('',#3044,0.599999996277);
#3044 = AXIS2_PLACEMENT_3D('',#3045,#3046,#3047);
#3045 = CARTESIAN_POINT('',(144.99999987771,-120.0000000161,1.585));
#3046 = DIRECTION('',(0.,0.,-1.));
#3047 = DIRECTION('',(-0.60876146663,-0.793353311424,-0.));
#3048 = ORIENTED_EDGE('',*,*,#3049,.T.);
#3049 = EDGE_CURVE('',#3041,#3050,#3052,.T.);
#3050 = VERTEX_POINT('',#3051);
#3051 = CARTESIAN_POINT('',(144.608423,-119.550307,1.585));
#3052 = LINE('',#3053,#3054);
#3053 = CARTESIAN_POINT('',(144.523988,-119.634743,1.585));
#3054 = VECTOR('',#3055,1.);
#3055 = DIRECTION('',(0.707102593914,0.707110968434,0.));
#3056 = ORIENTED_EDGE('',*,*,#3057,.T.);
#3057 = EDGE_CURVE('',#3050,#3058,#3060,.T.);
#3058 = VERTEX_POINT('',#3059);
#3059 = CARTESIAN_POINT('',(143.01,-114.07,1.585));
#3060 = LINE('',#3061,#3062);
#3061 = CARTESIAN_POINT('',(144.608423,-119.550307,1.585));
#3062 = VECTOR('',#3063,1.);
#3063 = DIRECTION('',(-0.28000002018,0.959999994114,0.));
#3064 = ORIENTED_EDGE('',*,*,#3065,.T.);
#3065 = EDGE_CURVE('',#3058,#3066,#3068,.T.);
#3066 = VERTEX_POINT('',#3067);
#3067 = CARTESIAN_POINT('',(143.49,-113.93,1.585));
#3068 = CIRCLE('',#3069,0.250000000002);
#3069 = AXIS2_PLACEMENT_3D('',#3070,#3071,#3072);
#3070 = CARTESIAN_POINT('',(143.24999973616,-113.9999990954,1.585));
#3071 = DIRECTION('',(0.,0.,-1.));
#3072 = DIRECTION('',(-0.959998944657,-0.280003618294,-0.));
#3073 = ORIENTED_EDGE('',*,*,#3074,.T.);
#3074 = EDGE_CURVE('',#3066,#2956,#3075,.T.);
#3075 = LINE('',#3076,#3077);
#3076 = CARTESIAN_POINT('',(143.49,-113.93,1.585));
#3077 = VECTOR('',#3078,1.);
#3078 = DIRECTION('',(0.279999892321,-0.960000031406,0.));
#3079 = PLANE('',#3080);
#3080 = AXIS2_PLACEMENT_3D('',#3081,#3082,#3083);
#3081 = CARTESIAN_POINT('',(0.,0.,1.585));
#3082 = DIRECTION('',(0.,0.,1.));
#3083 = DIRECTION('',(1.,0.,-0.));
#3084 = SHELL_BASED_SURFACE_MODEL('',(#3085));
#3085 = OPEN_SHELL('',(#3086));
#3086 = ADVANCED_FACE('',(#3087),#3164,.T.);
#3087 = FACE_BOUND('',#3088,.F.);
#3088 = EDGE_LOOP('',(#3089,#3100,#3108,#3117,#3125,#3133,#3141,#3150,
    #3158));
#3089 = ORIENTED_EDGE('',*,*,#3090,.T.);
#3090 = EDGE_CURVE('',#3091,#3093,#3095,.T.);
#3091 = VERTEX_POINT('',#3092);
#3092 = CARTESIAN_POINT('',(144.75,-108.,1.585));
#3093 = VERTEX_POINT('',#3094);
#3094 = CARTESIAN_POINT('',(145.,-107.75,1.585));
#3095 = CIRCLE('',#3096,0.250000231821);
#3096 = AXIS2_PLACEMENT_3D('',#3097,#3098,#3099);
#3097 = CARTESIAN_POINT('',(145.00000023182,-108.0000002318,1.585));
#3098 = DIRECTION('',(0.,0.,-1.));
#3099 = DIRECTION('',(-1.,9.272832172236E-07,0.));
#3100 = ORIENTED_EDGE('',*,*,#3101,.T.);
#3101 = EDGE_CURVE('',#3093,#3102,#3104,.T.);
#3102 = VERTEX_POINT('',#3103);
#3103 = CARTESIAN_POINT('',(147.013935,-107.75,1.585));
#3104 = LINE('',#3105,#3106);
#3105 = CARTESIAN_POINT('',(145.,-107.75,1.585));
#3106 = VECTOR('',#3107,1.);
#3107 = DIRECTION('',(1.,0.,0.));
#3108 = ORIENTED_EDGE('',*,*,#3109,.T.);
#3109 = EDGE_CURVE('',#3102,#3110,#3112,.T.);
#3110 = VERTEX_POINT('',#3111);
#3111 = CARTESIAN_POINT('',(147.013935,-108.25,1.585));
#3112 = CIRCLE('',#3113,1.868140561757);
#3113 = AXIS2_PLACEMENT_3D('',#3114,#3115,#3116);
#3114 = CARTESIAN_POINT('',(148.86527212718,-108.,1.585));
#3115 = DIRECTION('',(0.,0.,1.));
#3116 = DIRECTION('',(-0.991005262174,0.133822906647,0.));
#3117 = ORIENTED_EDGE('',*,*,#3118,.T.);
#3118 = EDGE_CURVE('',#3110,#3119,#3121,.T.);
#3119 = VERTEX_POINT('',#3120);
#3120 = CARTESIAN_POINT('',(145.25,-108.25,1.585));
#3121 = LINE('',#3122,#3123);
#3122 = CARTESIAN_POINT('',(147.013935,-108.25,1.585));
#3123 = VECTOR('',#3124,1.);
#3124 = DIRECTION('',(-1.,0.,0.));
#3125 = ORIENTED_EDGE('',*,*,#3126,.T.);
#3126 = EDGE_CURVE('',#3119,#3127,#3129,.T.);
#3127 = VERTEX_POINT('',#3128);
#3128 = CARTESIAN_POINT('',(145.25,-113.457444,1.585));
#3129 = LINE('',#3130,#3131);
#3130 = CARTESIAN_POINT('',(145.25,-108.25,1.585));
#3131 = VECTOR('',#3132,1.);
#3132 = DIRECTION('',(0.,-1.,0.));
#3133 = ORIENTED_EDGE('',*,*,#3134,.T.);
#3134 = EDGE_CURVE('',#3127,#3135,#3137,.T.);
#3135 = VERTEX_POINT('',#3136);
#3136 = CARTESIAN_POINT('',(145.365257,-113.523988,1.585));
#3137 = LINE('',#3138,#3139);
#3138 = CARTESIAN_POINT('',(145.25,-113.457444,1.585));
#3139 = VECTOR('',#3140,1.);
#3140 = DIRECTION('',(0.866024297482,-0.500001916167,0.));
#3141 = ORIENTED_EDGE('',*,*,#3142,.T.);
#3142 = EDGE_CURVE('',#3135,#3143,#3145,.T.);
#3143 = VERTEX_POINT('',#3144);
#3144 = CARTESIAN_POINT('',(144.634743,-113.523988,1.585));
#3145 = CIRCLE('',#3146,0.600000099553);
#3146 = AXIS2_PLACEMENT_3D('',#3147,#3148,#3149);
#3147 = CARTESIAN_POINT('',(145.,-114.0000000202,1.585));
#3148 = DIRECTION('',(0.,0.,-1.));
#3149 = DIRECTION('',(0.60876156566,0.793353235435,0.));
#3150 = ORIENTED_EDGE('',*,*,#3151,.T.);
#3151 = EDGE_CURVE('',#3143,#3152,#3154,.T.);
#3152 = VERTEX_POINT('',#3153);
#3153 = CARTESIAN_POINT('',(144.75,-113.457444,1.585));
#3154 = LINE('',#3155,#3156);
#3155 = CARTESIAN_POINT('',(144.634743,-113.523988,1.585));
#3156 = VECTOR('',#3157,1.);
#3157 = DIRECTION('',(0.866024297482,0.500001916167,0.));
#3158 = ORIENTED_EDGE('',*,*,#3159,.T.);
#3159 = EDGE_CURVE('',#3152,#3091,#3160,.T.);
#3160 = LINE('',#3161,#3162);
#3161 = CARTESIAN_POINT('',(144.75,-113.457444,1.585));
#3162 = VECTOR('',#3163,1.);
#3163 = DIRECTION('',(0.,1.,0.));
#3164 = PLANE('',#3165);
#3165 = AXIS2_PLACEMENT_3D('',#3166,#3167,#3168);
#3166 = CARTESIAN_POINT('',(0.,0.,1.585));
#3167 = DIRECTION('',(0.,0.,1.));
#3168 = DIRECTION('',(1.,0.,-0.));
#3169 = SHELL_BASED_SURFACE_MODEL('',(#3170));
#3170 = OPEN_SHELL('',(#3171));
#3171 = ADVANCED_FACE('',(#3172),#3254,.T.);
#3172 = FACE_BOUND('',#3173,.F.);
#3173 = EDGE_LOOP('',(#3174,#3184,#3192,#3200,#3208,#3216,#3224,#3232,
    #3240,#3248));
#3174 = ORIENTED_EDGE('',*,*,#3175,.T.);
#3175 = EDGE_CURVE('',#3176,#3178,#3180,.T.);
#3176 = VERTEX_POINT('',#3177);
#3177 = CARTESIAN_POINT('',(150.,-99.,1.585));
#3178 = VERTEX_POINT('',#3179);
#3179 = CARTESIAN_POINT('',(150.168211,-98.99528,1.585));
#3180 = LINE('',#3181,#3182);
#3181 = CARTESIAN_POINT('',(150.,-99.,1.585));
#3182 = VECTOR('',#3183,1.);
#3183 = DIRECTION('',(0.999606550636,2.804895588877E-02,0.));
#3184 = ORIENTED_EDGE('',*,*,#3185,.T.);
#3185 = EDGE_CURVE('',#3178,#3186,#3188,.T.);
#3186 = VERTEX_POINT('',#3187);
#3187 = CARTESIAN_POINT('',(150.25,-98.986064,1.585));
#3188 = LINE('',#3189,#3190);
#3189 = CARTESIAN_POINT('',(150.168211,-98.99528,1.585));
#3190 = VECTOR('',#3191,1.);
#3191 = DIRECTION('',(0.993711408372,0.111971589573,0.));
#3192 = ORIENTED_EDGE('',*,*,#3193,.T.);
#3193 = EDGE_CURVE('',#3186,#3194,#3196,.T.);
#3194 = VERTEX_POINT('',#3195);
#3195 = CARTESIAN_POINT('',(150.25,-105.013935,1.585));
#3196 = LINE('',#3197,#3198);
#3197 = CARTESIAN_POINT('',(150.25,-98.986064,1.585));
#3198 = VECTOR('',#3199,1.);
#3199 = DIRECTION('',(0.,-1.,0.));
#3200 = ORIENTED_EDGE('',*,*,#3201,.T.);
#3201 = EDGE_CURVE('',#3194,#3202,#3204,.T.);
#3202 = VERTEX_POINT('',#3203);
#3203 = CARTESIAN_POINT('',(150.168211,-105.00472,1.585));
#3204 = LINE('',#3205,#3206);
#3205 = CARTESIAN_POINT('',(150.25,-105.013935,1.585));
#3206 = VECTOR('',#3207,1.);
#3207 = DIRECTION('',(-0.993712760167,0.111959592182,0.));
#3208 = ORIENTED_EDGE('',*,*,#3209,.T.);
#3209 = EDGE_CURVE('',#3202,#3210,#3212,.T.);
#3210 = VERTEX_POINT('',#3211);
#3211 = CARTESIAN_POINT('',(150.,-105.,1.585));
#3212 = LINE('',#3213,#3214);
#3213 = CARTESIAN_POINT('',(150.168211,-105.00472,1.585));
#3214 = VECTOR('',#3215,1.);
#3215 = DIRECTION('',(-0.999606550636,2.804895588877E-02,0.));
#3216 = ORIENTED_EDGE('',*,*,#3217,.T.);
#3217 = EDGE_CURVE('',#3210,#3218,#3220,.T.);
#3218 = VERTEX_POINT('',#3219);
#3219 = CARTESIAN_POINT('',(149.831789,-105.00472,1.585));
#3220 = LINE('',#3221,#3222);
#3221 = CARTESIAN_POINT('',(150.,-105.,1.585));
#3222 = VECTOR('',#3223,1.);
#3223 = DIRECTION('',(-0.999606550636,-2.804895588877E-02,0.));
#3224 = ORIENTED_EDGE('',*,*,#3225,.T.);
#3225 = EDGE_CURVE('',#3218,#3226,#3228,.T.);
#3226 = VERTEX_POINT('',#3227);
#3227 = CARTESIAN_POINT('',(149.75,-105.013935,1.585));
#3228 = LINE('',#3229,#3230);
#3229 = CARTESIAN_POINT('',(149.831789,-105.00472,1.585));
#3230 = VECTOR('',#3231,1.);
#3231 = DIRECTION('',(-0.993712760167,-0.111959592182,0.));
#3232 = ORIENTED_EDGE('',*,*,#3233,.T.);
#3233 = EDGE_CURVE('',#3226,#3234,#3236,.T.);
#3234 = VERTEX_POINT('',#3235);
#3235 = CARTESIAN_POINT('',(149.75,-98.986064,1.585));
#3236 = LINE('',#3237,#3238);
#3237 = CARTESIAN_POINT('',(149.75,-105.013935,1.585));
#3238 = VECTOR('',#3239,1.);
#3239 = DIRECTION('',(0.,1.,0.));
#3240 = ORIENTED_EDGE('',*,*,#3241,.T.);
#3241 = EDGE_CURVE('',#3234,#3242,#3244,.T.);
#3242 = VERTEX_POINT('',#3243);
#3243 = CARTESIAN_POINT('',(149.831789,-98.99528,1.585));
#3244 = LINE('',#3245,#3246);
#3245 = CARTESIAN_POINT('',(149.75,-98.986064,1.585));
#3246 = VECTOR('',#3247,1.);
#3247 = DIRECTION('',(0.993711408372,-0.111971589573,0.));
#3248 = ORIENTED_EDGE('',*,*,#3249,.T.);
#3249 = EDGE_CURVE('',#3242,#3176,#3250,.T.);
#3250 = LINE('',#3251,#3252);
#3251 = CARTESIAN_POINT('',(149.831789,-98.99528,1.585));
#3252 = VECTOR('',#3253,1.);
#3253 = DIRECTION('',(0.999606550636,-2.804895588877E-02,0.));
#3254 = PLANE('',#3255);
#3255 = AXIS2_PLACEMENT_3D('',#3256,#3257,#3258);
#3256 = CARTESIAN_POINT('',(0.,0.,1.585));
#3257 = DIRECTION('',(0.,0.,1.));
#3258 = DIRECTION('',(1.,0.,-0.));
#3259 = SHELL_BASED_SURFACE_MODEL('',(#3260));
#3260 = OPEN_SHELL('',(#3261));
#3261 = ADVANCED_FACE('',(#3262),#3344,.T.);
#3262 = FACE_BOUND('',#3263,.F.);
#3263 = EDGE_LOOP('',(#3264,#3274,#3282,#3290,#3298,#3306,#3314,#3322,
    #3330,#3338));
#3264 = ORIENTED_EDGE('',*,*,#3265,.T.);
#3265 = EDGE_CURVE('',#3266,#3268,#3270,.T.);
#3266 = VERTEX_POINT('',#3267);
#3267 = CARTESIAN_POINT('',(150.,-87.,1.585));
#3268 = VERTEX_POINT('',#3269);
#3269 = CARTESIAN_POINT('',(150.168211,-86.99528,1.585));
#3270 = LINE('',#3271,#3272);
#3271 = CARTESIAN_POINT('',(150.,-87.,1.585));
#3272 = VECTOR('',#3273,1.);
#3273 = DIRECTION('',(0.999606550636,2.804895588877E-02,0.));
#3274 = ORIENTED_EDGE('',*,*,#3275,.T.);
#3275 = EDGE_CURVE('',#3268,#3276,#3278,.T.);
#3276 = VERTEX_POINT('',#3277);
#3277 = CARTESIAN_POINT('',(150.25,-86.986064,1.585));
#3278 = LINE('',#3279,#3280);
#3279 = CARTESIAN_POINT('',(150.168211,-86.99528,1.585));
#3280 = VECTOR('',#3281,1.);
#3281 = DIRECTION('',(0.993711408372,0.111971589573,0.));
#3282 = ORIENTED_EDGE('',*,*,#3283,.T.);
#3283 = EDGE_CURVE('',#3276,#3284,#3286,.T.);
#3284 = VERTEX_POINT('',#3285);
#3285 = CARTESIAN_POINT('',(150.25,-93.013935,1.585));
#3286 = LINE('',#3287,#3288);
#3287 = CARTESIAN_POINT('',(150.25,-86.986064,1.585));
#3288 = VECTOR('',#3289,1.);
#3289 = DIRECTION('',(0.,-1.,0.));
#3290 = ORIENTED_EDGE('',*,*,#3291,.T.);
#3291 = EDGE_CURVE('',#3284,#3292,#3294,.T.);
#3292 = VERTEX_POINT('',#3293);
#3293 = CARTESIAN_POINT('',(150.168211,-93.00472,1.585));
#3294 = LINE('',#3295,#3296);
#3295 = CARTESIAN_POINT('',(150.25,-93.013935,1.585));
#3296 = VECTOR('',#3297,1.);
#3297 = DIRECTION('',(-0.993712760167,0.111959592182,0.));
#3298 = ORIENTED_EDGE('',*,*,#3299,.T.);
#3299 = EDGE_CURVE('',#3292,#3300,#3302,.T.);
#3300 = VERTEX_POINT('',#3301);
#3301 = CARTESIAN_POINT('',(150.,-93.,1.585));
#3302 = LINE('',#3303,#3304);
#3303 = CARTESIAN_POINT('',(150.168211,-93.00472,1.585));
#3304 = VECTOR('',#3305,1.);
#3305 = DIRECTION('',(-0.999606550636,2.804895588877E-02,0.));
#3306 = ORIENTED_EDGE('',*,*,#3307,.T.);
#3307 = EDGE_CURVE('',#3300,#3308,#3310,.T.);
#3308 = VERTEX_POINT('',#3309);
#3309 = CARTESIAN_POINT('',(149.831789,-93.00472,1.585));
#3310 = LINE('',#3311,#3312);
#3311 = CARTESIAN_POINT('',(150.,-93.,1.585));
#3312 = VECTOR('',#3313,1.);
#3313 = DIRECTION('',(-0.999606550636,-2.804895588877E-02,0.));
#3314 = ORIENTED_EDGE('',*,*,#3315,.T.);
#3315 = EDGE_CURVE('',#3308,#3316,#3318,.T.);
#3316 = VERTEX_POINT('',#3317);
#3317 = CARTESIAN_POINT('',(149.75,-93.013935,1.585));
#3318 = LINE('',#3319,#3320);
#3319 = CARTESIAN_POINT('',(149.831789,-93.00472,1.585));
#3320 = VECTOR('',#3321,1.);
#3321 = DIRECTION('',(-0.993712760167,-0.111959592182,0.));
#3322 = ORIENTED_EDGE('',*,*,#3323,.T.);
#3323 = EDGE_CURVE('',#3316,#3324,#3326,.T.);
#3324 = VERTEX_POINT('',#3325);
#3325 = CARTESIAN_POINT('',(149.75,-86.986064,1.585));
#3326 = LINE('',#3327,#3328);
#3327 = CARTESIAN_POINT('',(149.75,-93.013935,1.585));
#3328 = VECTOR('',#3329,1.);
#3329 = DIRECTION('',(0.,1.,0.));
#3330 = ORIENTED_EDGE('',*,*,#3331,.T.);
#3331 = EDGE_CURVE('',#3324,#3332,#3334,.T.);
#3332 = VERTEX_POINT('',#3333);
#3333 = CARTESIAN_POINT('',(149.831789,-86.99528,1.585));
#3334 = LINE('',#3335,#3336);
#3335 = CARTESIAN_POINT('',(149.75,-86.986064,1.585));
#3336 = VECTOR('',#3337,1.);
#3337 = DIRECTION('',(0.993711408372,-0.111971589573,0.));
#3338 = ORIENTED_EDGE('',*,*,#3339,.T.);
#3339 = EDGE_CURVE('',#3332,#3266,#3340,.T.);
#3340 = LINE('',#3341,#3342);
#3341 = CARTESIAN_POINT('',(149.831789,-86.99528,1.585));
#3342 = VECTOR('',#3343,1.);
#3343 = DIRECTION('',(0.999606550636,-2.804895588877E-02,0.));
#3344 = PLANE('',#3345);
#3345 = AXIS2_PLACEMENT_3D('',#3346,#3347,#3348);
#3346 = CARTESIAN_POINT('',(0.,0.,1.585));
#3347 = DIRECTION('',(0.,0.,1.));
#3348 = DIRECTION('',(1.,0.,-0.));
#3349 = SHELL_BASED_SURFACE_MODEL('',(#3350));
#3350 = OPEN_SHELL('',(#3351));
#3351 = ADVANCED_FACE('',(#3352),#3434,.T.);
#3352 = FACE_BOUND('',#3353,.F.);
#3353 = EDGE_LOOP('',(#3354,#3364,#3372,#3380,#3388,#3396,#3404,#3412,
    #3420,#3428));
#3354 = ORIENTED_EDGE('',*,*,#3355,.T.);
#3355 = EDGE_CURVE('',#3356,#3358,#3360,.T.);
#3356 = VERTEX_POINT('',#3357);
#3357 = CARTESIAN_POINT('',(150.,-75.,1.585));
#3358 = VERTEX_POINT('',#3359);
#3359 = CARTESIAN_POINT('',(150.168211,-74.99528,1.585));
#3360 = LINE('',#3361,#3362);
#3361 = CARTESIAN_POINT('',(150.,-75.,1.585));
#3362 = VECTOR('',#3363,1.);
#3363 = DIRECTION('',(0.999606550636,2.804895588877E-02,0.));
#3364 = ORIENTED_EDGE('',*,*,#3365,.T.);
#3365 = EDGE_CURVE('',#3358,#3366,#3368,.T.);
#3366 = VERTEX_POINT('',#3367);
#3367 = CARTESIAN_POINT('',(150.25,-74.986064,1.585));
#3368 = LINE('',#3369,#3370);
#3369 = CARTESIAN_POINT('',(150.168211,-74.99528,1.585));
#3370 = VECTOR('',#3371,1.);
#3371 = DIRECTION('',(0.993711408372,0.111971589573,0.));
#3372 = ORIENTED_EDGE('',*,*,#3373,.T.);
#3373 = EDGE_CURVE('',#3366,#3374,#3376,.T.);
#3374 = VERTEX_POINT('',#3375);
#3375 = CARTESIAN_POINT('',(150.25,-81.013935,1.585));
#3376 = LINE('',#3377,#3378);
#3377 = CARTESIAN_POINT('',(150.25,-74.986064,1.585));
#3378 = VECTOR('',#3379,1.);
#3379 = DIRECTION('',(0.,-1.,0.));
#3380 = ORIENTED_EDGE('',*,*,#3381,.T.);
#3381 = EDGE_CURVE('',#3374,#3382,#3384,.T.);
#3382 = VERTEX_POINT('',#3383);
#3383 = CARTESIAN_POINT('',(150.168211,-81.00472,1.585));
#3384 = LINE('',#3385,#3386);
#3385 = CARTESIAN_POINT('',(150.25,-81.013935,1.585));
#3386 = VECTOR('',#3387,1.);
#3387 = DIRECTION('',(-0.993712760167,0.111959592182,0.));
#3388 = ORIENTED_EDGE('',*,*,#3389,.T.);
#3389 = EDGE_CURVE('',#3382,#3390,#3392,.T.);
#3390 = VERTEX_POINT('',#3391);
#3391 = CARTESIAN_POINT('',(150.,-81.,1.585));
#3392 = LINE('',#3393,#3394);
#3393 = CARTESIAN_POINT('',(150.168211,-81.00472,1.585));
#3394 = VECTOR('',#3395,1.);
#3395 = DIRECTION('',(-0.999606550636,2.804895588877E-02,0.));
#3396 = ORIENTED_EDGE('',*,*,#3397,.T.);
#3397 = EDGE_CURVE('',#3390,#3398,#3400,.T.);
#3398 = VERTEX_POINT('',#3399);
#3399 = CARTESIAN_POINT('',(149.831789,-81.00472,1.585));
#3400 = LINE('',#3401,#3402);
#3401 = CARTESIAN_POINT('',(150.,-81.,1.585));
#3402 = VECTOR('',#3403,1.);
#3403 = DIRECTION('',(-0.999606550636,-2.804895588877E-02,0.));
#3404 = ORIENTED_EDGE('',*,*,#3405,.T.);
#3405 = EDGE_CURVE('',#3398,#3406,#3408,.T.);
#3406 = VERTEX_POINT('',#3407);
#3407 = CARTESIAN_POINT('',(149.75,-81.013935,1.585));
#3408 = LINE('',#3409,#3410);
#3409 = CARTESIAN_POINT('',(149.831789,-81.00472,1.585));
#3410 = VECTOR('',#3411,1.);
#3411 = DIRECTION('',(-0.993712760167,-0.111959592182,0.));
#3412 = ORIENTED_EDGE('',*,*,#3413,.T.);
#3413 = EDGE_CURVE('',#3406,#3414,#3416,.T.);
#3414 = VERTEX_POINT('',#3415);
#3415 = CARTESIAN_POINT('',(149.75,-74.986064,1.585));
#3416 = LINE('',#3417,#3418);
#3417 = CARTESIAN_POINT('',(149.75,-81.013935,1.585));
#3418 = VECTOR('',#3419,1.);
#3419 = DIRECTION('',(0.,1.,0.));
#3420 = ORIENTED_EDGE('',*,*,#3421,.T.);
#3421 = EDGE_CURVE('',#3414,#3422,#3424,.T.);
#3422 = VERTEX_POINT('',#3423);
#3423 = CARTESIAN_POINT('',(149.831789,-74.99528,1.585));
#3424 = LINE('',#3425,#3426);
#3425 = CARTESIAN_POINT('',(149.75,-74.986064,1.585));
#3426 = VECTOR('',#3427,1.);
#3427 = DIRECTION('',(0.993711408372,-0.111971589573,0.));
#3428 = ORIENTED_EDGE('',*,*,#3429,.T.);
#3429 = EDGE_CURVE('',#3422,#3356,#3430,.T.);
#3430 = LINE('',#3431,#3432);
#3431 = CARTESIAN_POINT('',(149.831789,-74.99528,1.585));
#3432 = VECTOR('',#3433,1.);
#3433 = DIRECTION('',(0.999606550636,-2.804895588877E-02,0.));
#3434 = PLANE('',#3435);
#3435 = AXIS2_PLACEMENT_3D('',#3436,#3437,#3438);
#3436 = CARTESIAN_POINT('',(0.,0.,1.585));
#3437 = DIRECTION('',(0.,0.,1.));
#3438 = DIRECTION('',(1.,0.,-0.));
#3439 = SHELL_BASED_SURFACE_MODEL('',(#3440));
#3440 = OPEN_SHELL('',(#3441));
#3441 = ADVANCED_FACE('',(#3442,#3558),#3720,.T.);
#3442 = FACE_BOUND('',#3443,.F.);
#3443 = EDGE_LOOP('',(#3444,#3454,#3462,#3470,#3478,#3487,#3495,#3503,
    #3511,#3520,#3528,#3536,#3544,#3552));
#3444 = ORIENTED_EDGE('',*,*,#3445,.T.);
#3445 = EDGE_CURVE('',#3446,#3448,#3450,.T.);
#3446 = VERTEX_POINT('',#3447);
#3447 = CARTESIAN_POINT('',(151.723134,-62.838616,1.585));
#3448 = VERTEX_POINT('',#3449);
#3449 = CARTESIAN_POINT('',(151.723134,-60.005399,1.585));
#3450 = LINE('',#3451,#3452);
#3451 = CARTESIAN_POINT('',(151.723134,-62.838616,1.585));
#3452 = VECTOR('',#3453,1.);
#3453 = DIRECTION('',(0.,1.,0.));
#3454 = ORIENTED_EDGE('',*,*,#3455,.T.);
#3455 = EDGE_CURVE('',#3448,#3456,#3458,.T.);
#3456 = VERTEX_POINT('',#3457);
#3457 = CARTESIAN_POINT('',(153.370094,-60.005399,1.585));
#3458 = LINE('',#3459,#3460);
#3459 = CARTESIAN_POINT('',(151.723134,-60.005399,1.585));
#3460 = VECTOR('',#3461,1.);
#3461 = DIRECTION('',(1.,0.,0.));
#3462 = ORIENTED_EDGE('',*,*,#3463,.T.);
#3463 = EDGE_CURVE('',#3456,#3464,#3466,.T.);
#3464 = VERTEX_POINT('',#3465);
#3465 = CARTESIAN_POINT('',(153.481341,-60.019968,1.585));
#3466 = LINE('',#3467,#3468);
#3467 = CARTESIAN_POINT('',(153.370094,-60.005399,1.585));
#3468 = VECTOR('',#3469,1.);
#3469 = DIRECTION('',(0.991533382103,-0.12985203955,0.));
#3470 = ORIENTED_EDGE('',*,*,#3471,.T.);
#3471 = EDGE_CURVE('',#3464,#3472,#3474,.T.);
#3472 = VERTEX_POINT('',#3473);
#3473 = CARTESIAN_POINT('',(153.582127,-60.063254,1.585));
#3474 = LINE('',#3475,#3476);
#3475 = CARTESIAN_POINT('',(153.481341,-60.019968,1.585));
#3476 = VECTOR('',#3477,1.);
#3477 = DIRECTION('',(0.918841074694,-0.394627773294,0.));
#3478 = ORIENTED_EDGE('',*,*,#3479,.T.);
#3479 = EDGE_CURVE('',#3472,#3480,#3482,.T.);
#3480 = VERTEX_POINT('',#3481);
#3481 = CARTESIAN_POINT('',(153.779749,-60.318197,1.585));
#3482 = CIRCLE('',#3483,0.438029278905);
#3483 = AXIS2_PLACEMENT_3D('',#3484,#3485,#3486);
#3484 = CARTESIAN_POINT('',(153.35906228522,-60.44023116403,1.585));
#3485 = DIRECTION('',(0.,0.,-1.));
#3486 = DIRECTION('',(0.509246129235,0.860620926924,0.));
#3487 = ORIENTED_EDGE('',*,*,#3488,.T.);
#3488 = EDGE_CURVE('',#3480,#3489,#3491,.T.);
#3489 = VERTEX_POINT('',#3490);
#3490 = CARTESIAN_POINT('',(153.794313,-60.429313,1.585));
#3491 = LINE('',#3492,#3493);
#3492 = CARTESIAN_POINT('',(153.779749,-60.318197,1.585));
#3493 = VECTOR('',#3494,1.);
#3494 = DIRECTION('',(0.129958680074,-0.991519410538,0.));
#3495 = ORIENTED_EDGE('',*,*,#3496,.T.);
#3496 = EDGE_CURVE('',#3489,#3497,#3499,.T.);
#3497 = VERTEX_POINT('',#3498);
#3498 = CARTESIAN_POINT('',(153.794313,-61.613586,1.585));
#3499 = LINE('',#3500,#3501);
#3500 = CARTESIAN_POINT('',(153.794313,-60.429313,1.585));
#3501 = VECTOR('',#3502,1.);
#3502 = DIRECTION('',(0.,-1.,0.));
#3503 = ORIENTED_EDGE('',*,*,#3504,.T.);
#3504 = EDGE_CURVE('',#3497,#3505,#3507,.T.);
#3505 = VERTEX_POINT('',#3506);
#3506 = CARTESIAN_POINT('',(153.779753,-61.724724,1.585));
#3507 = LINE('',#3508,#3509);
#3508 = CARTESIAN_POINT('',(153.794313,-61.613586,1.585));
#3509 = VECTOR('',#3510,1.);
#3510 = DIRECTION('',(-0.129898304892,-0.991527322057,0.));
#3511 = ORIENTED_EDGE('',*,*,#3512,.T.);
#3512 = EDGE_CURVE('',#3505,#3513,#3515,.T.);
#3513 = VERTEX_POINT('',#3514);
#3514 = CARTESIAN_POINT('',(153.582127,-61.979797,1.585));
#3515 = CIRCLE('',#3516,0.434367636091);
#3516 = AXIS2_PLACEMENT_3D('',#3517,#3518,#3519);
#3517 = CARTESIAN_POINT('',(153.36213709059,-61.6052577056,1.585));
#3518 = DIRECTION('',(0.,0.,-1.));
#3519 = DIRECTION('',(0.961434220014,-0.27503498066,0.));
#3520 = ORIENTED_EDGE('',*,*,#3521,.T.);
#3521 = EDGE_CURVE('',#3513,#3522,#3524,.T.);
#3522 = VERTEX_POINT('',#3523);
#3523 = CARTESIAN_POINT('',(153.48135,-62.022967,1.585));
#3524 = LINE('',#3525,#3526);
#3525 = CARTESIAN_POINT('',(153.582127,-61.979797,1.585));
#3526 = VECTOR('',#3527,1.);
#3527 = DIRECTION('',(-0.919211539083,-0.393764074563,0.));
#3528 = ORIENTED_EDGE('',*,*,#3529,.T.);
#3529 = EDGE_CURVE('',#3522,#3530,#3532,.T.);
#3530 = VERTEX_POINT('',#3531);
#3531 = CARTESIAN_POINT('',(153.370094,-62.0375,1.585));
#3532 = LINE('',#3533,#3534);
#3533 = CARTESIAN_POINT('',(153.48135,-62.022967,1.585));
#3534 = VECTOR('',#3535,1.);
#3535 = DIRECTION('',(-0.991575991673,-0.129526262736,0.));
#3536 = ORIENTED_EDGE('',*,*,#3537,.T.);
#3537 = EDGE_CURVE('',#3530,#3538,#3540,.T.);
#3538 = VERTEX_POINT('',#3539);
#3539 = CARTESIAN_POINT('',(152.010119,-62.0375,1.585));
#3540 = LINE('',#3541,#3542);
#3541 = CARTESIAN_POINT('',(153.370094,-62.0375,1.585));
#3542 = VECTOR('',#3543,1.);
#3543 = DIRECTION('',(-1.,0.,0.));
#3544 = ORIENTED_EDGE('',*,*,#3545,.T.);
#3545 = EDGE_CURVE('',#3538,#3546,#3548,.T.);
#3546 = VERTEX_POINT('',#3547);
#3547 = CARTESIAN_POINT('',(152.010119,-62.838616,1.585));
#3548 = LINE('',#3549,#3550);
#3549 = CARTESIAN_POINT('',(152.010119,-62.0375,1.585));
#3550 = VECTOR('',#3551,1.);
#3551 = DIRECTION('',(0.,-1.,0.));
#3552 = ORIENTED_EDGE('',*,*,#3553,.T.);
#3553 = EDGE_CURVE('',#3546,#3446,#3554,.T.);
#3554 = LINE('',#3555,#3556);
#3555 = CARTESIAN_POINT('',(152.010119,-62.838616,1.585));
#3556 = VECTOR('',#3557,1.);
#3557 = DIRECTION('',(-1.,0.,0.));
#3558 = FACE_BOUND('',#3559,.F.);
#3559 = EDGE_LOOP('',(#3560,#3570,#3578,#3586,#3594,#3602,#3610,#3618,
    #3626,#3634,#3642,#3650,#3658,#3666,#3674,#3682,#3690,#3698,#3706,
    #3714));
#3560 = ORIENTED_EDGE('',*,*,#3561,.T.);
#3561 = EDGE_CURVE('',#3562,#3564,#3566,.T.);
#3562 = VERTEX_POINT('',#3563);
#3563 = CARTESIAN_POINT('',(153.422669,-60.302727,1.585));
#3564 = VERTEX_POINT('',#3565);
#3565 = CARTESIAN_POINT('',(153.370552,-60.29269,1.585));
#3566 = LINE('',#3567,#3568);
#3567 = CARTESIAN_POINT('',(153.422669,-60.302727,1.585));
#3568 = VECTOR('',#3569,1.);
#3569 = DIRECTION('',(-0.981955746897,0.189110843517,0.));
#3570 = ORIENTED_EDGE('',*,*,#3571,.T.);
#3571 = EDGE_CURVE('',#3564,#3572,#3574,.T.);
#3572 = VERTEX_POINT('',#3573);
#3573 = CARTESIAN_POINT('',(152.150406,-60.29269,1.585));
#3574 = LINE('',#3575,#3576);
#3575 = CARTESIAN_POINT('',(153.370552,-60.29269,1.585));
#3576 = VECTOR('',#3577,1.);
#3577 = DIRECTION('',(-1.,0.,0.));
#3578 = ORIENTED_EDGE('',*,*,#3579,.T.);
#3579 = EDGE_CURVE('',#3572,#3580,#3582,.T.);
#3580 = VERTEX_POINT('',#3581);
#3581 = CARTESIAN_POINT('',(152.097976,-60.302669,1.585));
#3582 = LINE('',#3583,#3584);
#3583 = CARTESIAN_POINT('',(152.150406,-60.29269,1.585));
#3584 = VECTOR('',#3585,1.);
#3585 = DIRECTION('',(-0.982364960213,-0.186973487278,0.));
#3586 = ORIENTED_EDGE('',*,*,#3587,.T.);
#3587 = EDGE_CURVE('',#3580,#3588,#3590,.T.);
#3588 = VERTEX_POINT('',#3589);
#3589 = CARTESIAN_POINT('',(152.052098,-60.33299,1.585));
#3590 = LINE('',#3591,#3592);
#3591 = CARTESIAN_POINT('',(152.097976,-60.302669,1.585));
#3592 = VECTOR('',#3593,1.);
#3593 = DIRECTION('',(-0.83426213185,-0.551368021706,0.));
#3594 = ORIENTED_EDGE('',*,*,#3595,.T.);
#3595 = EDGE_CURVE('',#3588,#3596,#3598,.T.);
#3596 = VERTEX_POINT('',#3597);
#3597 = CARTESIAN_POINT('',(152.020511,-60.377458,1.585));
#3598 = LINE('',#3599,#3600);
#3599 = CARTESIAN_POINT('',(152.052098,-60.33299,1.585));
#3600 = VECTOR('',#3601,1.);
#3601 = DIRECTION('',(-0.57910132772,-0.815255574794,0.));
#3602 = ORIENTED_EDGE('',*,*,#3603,.T.);
#3603 = EDGE_CURVE('',#3596,#3604,#3606,.T.);
#3604 = VERTEX_POINT('',#3605);
#3605 = CARTESIAN_POINT('',(152.010119,-60.429313,1.585));
#3606 = LINE('',#3607,#3608);
#3607 = CARTESIAN_POINT('',(152.020511,-60.377458,1.585));
#3608 = VECTOR('',#3609,1.);
#3609 = DIRECTION('',(-0.196497928068,-0.980504239799,0.));
#3610 = ORIENTED_EDGE('',*,*,#3611,.T.);
#3611 = EDGE_CURVE('',#3604,#3612,#3614,.T.);
#3612 = VERTEX_POINT('',#3613);
#3613 = CARTESIAN_POINT('',(152.010119,-61.613586,1.585));
#3614 = LINE('',#3615,#3616);
#3615 = CARTESIAN_POINT('',(152.010119,-60.429313,1.585));
#3616 = VECTOR('',#3617,1.);
#3617 = DIRECTION('',(0.,-1.,0.));
#3618 = ORIENTED_EDGE('',*,*,#3619,.T.);
#3619 = EDGE_CURVE('',#3612,#3620,#3622,.T.);
#3620 = VERTEX_POINT('',#3621);
#3621 = CARTESIAN_POINT('',(152.020511,-61.665441,1.585));
#3622 = LINE('',#3623,#3624);
#3623 = CARTESIAN_POINT('',(152.010119,-61.613586,1.585));
#3624 = VECTOR('',#3625,1.);
#3625 = DIRECTION('',(0.196497928068,-0.980504239799,0.));
#3626 = ORIENTED_EDGE('',*,*,#3627,.T.);
#3627 = EDGE_CURVE('',#3620,#3628,#3630,.T.);
#3628 = VERTEX_POINT('',#3629);
#3629 = CARTESIAN_POINT('',(152.052098,-61.709909,1.585));
#3630 = LINE('',#3631,#3632);
#3631 = CARTESIAN_POINT('',(152.020511,-61.665441,1.585));
#3632 = VECTOR('',#3633,1.);
#3633 = DIRECTION('',(0.57910132772,-0.815255574794,0.));
#3634 = ORIENTED_EDGE('',*,*,#3635,.T.);
#3635 = EDGE_CURVE('',#3628,#3636,#3638,.T.);
#3636 = VERTEX_POINT('',#3637);
#3637 = CARTESIAN_POINT('',(152.097976,-61.74023,1.585));
#3638 = LINE('',#3639,#3640);
#3639 = CARTESIAN_POINT('',(152.052098,-61.709909,1.585));
#3640 = VECTOR('',#3641,1.);
#3641 = DIRECTION('',(0.83426213185,-0.551368021706,0.));
#3642 = ORIENTED_EDGE('',*,*,#3643,.T.);
#3643 = EDGE_CURVE('',#3636,#3644,#3646,.T.);
#3644 = VERTEX_POINT('',#3645);
#3645 = CARTESIAN_POINT('',(152.150406,-61.750209,1.585));
#3646 = LINE('',#3647,#3648);
#3647 = CARTESIAN_POINT('',(152.097976,-61.74023,1.585));
#3648 = VECTOR('',#3649,1.);
#3649 = DIRECTION('',(0.982364960213,-0.186973487278,0.));
#3650 = ORIENTED_EDGE('',*,*,#3651,.T.);
#3651 = EDGE_CURVE('',#3644,#3652,#3654,.T.);
#3652 = VERTEX_POINT('',#3653);
#3653 = CARTESIAN_POINT('',(153.370552,-61.750209,1.585));
#3654 = LINE('',#3655,#3656);
#3655 = CARTESIAN_POINT('',(152.150406,-61.750209,1.585));
#3656 = VECTOR('',#3657,1.);
#3657 = DIRECTION('',(1.,0.,0.));
#3658 = ORIENTED_EDGE('',*,*,#3659,.T.);
#3659 = EDGE_CURVE('',#3652,#3660,#3662,.T.);
#3660 = VERTEX_POINT('',#3661);
#3661 = CARTESIAN_POINT('',(153.422669,-61.740171,1.585));
#3662 = LINE('',#3663,#3664);
#3663 = CARTESIAN_POINT('',(153.370552,-61.750209,1.585));
#3664 = VECTOR('',#3665,1.);
#3665 = DIRECTION('',(0.981952247927,0.189129010969,0.));
#3666 = ORIENTED_EDGE('',*,*,#3667,.T.);
#3667 = EDGE_CURVE('',#3660,#3668,#3670,.T.);
#3668 = VERTEX_POINT('',#3669);
#3669 = CARTESIAN_POINT('',(153.467028,-61.709909,1.585));
#3670 = LINE('',#3671,#3672);
#3671 = CARTESIAN_POINT('',(153.422669,-61.740171,1.585));
#3672 = VECTOR('',#3673,1.);
#3673 = DIRECTION('',(0.826077991871,0.563555810321,0.));
#3674 = ORIENTED_EDGE('',*,*,#3675,.T.);
#3675 = EDGE_CURVE('',#3668,#3676,#3678,.T.);
#3676 = VERTEX_POINT('',#3677);
#3677 = CARTESIAN_POINT('',(153.497297,-61.665571,1.585));
#3678 = LINE('',#3679,#3680);
#3679 = CARTESIAN_POINT('',(153.467028,-61.709909,1.585));
#3680 = VECTOR('',#3681,1.);
#3681 = DIRECTION('',(0.563826865341,0.825893011182,0.));
#3682 = ORIENTED_EDGE('',*,*,#3683,.T.);
#3683 = EDGE_CURVE('',#3676,#3684,#3686,.T.);
#3684 = VERTEX_POINT('',#3685);
#3685 = CARTESIAN_POINT('',(153.507328,-61.613586,1.585));
#3686 = LINE('',#3687,#3688);
#3687 = CARTESIAN_POINT('',(153.497297,-61.665571,1.585));
#3688 = VECTOR('',#3689,1.);
#3689 = DIRECTION('',(0.189464540766,0.981887563722,0.));
#3690 = ORIENTED_EDGE('',*,*,#3691,.T.);
#3691 = EDGE_CURVE('',#3684,#3692,#3694,.T.);
#3692 = VERTEX_POINT('',#3693);
#3693 = CARTESIAN_POINT('',(153.507328,-60.429313,1.585));
#3694 = LINE('',#3695,#3696);
#3695 = CARTESIAN_POINT('',(153.507328,-61.613586,1.585));
#3696 = VECTOR('',#3697,1.);
#3697 = DIRECTION('',(0.,1.,0.));
#3698 = ORIENTED_EDGE('',*,*,#3699,.T.);
#3699 = EDGE_CURVE('',#3692,#3700,#3702,.T.);
#3700 = VERTEX_POINT('',#3701);
#3701 = CARTESIAN_POINT('',(153.497297,-60.377327,1.585));
#3702 = LINE('',#3703,#3704);
#3703 = CARTESIAN_POINT('',(153.507328,-60.429313,1.585));
#3704 = VECTOR('',#3705,1.);
#3705 = DIRECTION('',(-0.189461027059,0.981888241719,0.));
#3706 = ORIENTED_EDGE('',*,*,#3707,.T.);
#3707 = EDGE_CURVE('',#3700,#3708,#3710,.T.);
#3708 = VERTEX_POINT('',#3709);
#3709 = CARTESIAN_POINT('',(153.467028,-60.33299,1.585));
#3710 = LINE('',#3711,#3712);
#3711 = CARTESIAN_POINT('',(153.497297,-60.377327,1.585));
#3712 = VECTOR('',#3713,1.);
#3713 = DIRECTION('',(-0.5638355394,0.825887089444,0.));
#3714 = ORIENTED_EDGE('',*,*,#3715,.T.);
#3715 = EDGE_CURVE('',#3708,#3562,#3716,.T.);
#3716 = LINE('',#3717,#3718);
#3717 = CARTESIAN_POINT('',(153.467028,-60.33299,1.585));
#3718 = VECTOR('',#3719,1.);
#3719 = DIRECTION('',(-0.8260693223,0.563568518244,0.));
#3720 = PLANE('',#3721);
#3721 = AXIS2_PLACEMENT_3D('',#3722,#3723,#3724);
#3722 = CARTESIAN_POINT('',(0.,0.,1.585));
#3723 = DIRECTION('',(0.,0.,1.));
#3724 = DIRECTION('',(1.,0.,-0.));
#3725 = SHELL_BASED_SURFACE_MODEL('',(#3726));
#3726 = OPEN_SHELL('',(#3727));
#3727 = ADVANCED_FACE('',(#3728),#3826,.T.);
#3728 = FACE_BOUND('',#3729,.F.);
#3729 = EDGE_LOOP('',(#3730,#3740,#3748,#3756,#3764,#3772,#3780,#3788,
    #3796,#3804,#3812,#3820));
#3730 = ORIENTED_EDGE('',*,*,#3731,.T.);
#3731 = EDGE_CURVE('',#3732,#3734,#3736,.T.);
#3732 = VERTEX_POINT('',#3733);
#3733 = CARTESIAN_POINT('',(142.910852,-62.0375,1.585));
#3734 = VERTEX_POINT('',#3735);
#3735 = CARTESIAN_POINT('',(142.910852,-59.516913,1.585));
#3736 = LINE('',#3737,#3738);
#3737 = CARTESIAN_POINT('',(142.910852,-62.0375,1.585));
#3738 = VECTOR('',#3739,1.);
#3739 = DIRECTION('',(0.,1.,0.));
#3740 = ORIENTED_EDGE('',*,*,#3741,.T.);
#3741 = EDGE_CURVE('',#3734,#3742,#3744,.T.);
#3742 = VERTEX_POINT('',#3743);
#3743 = CARTESIAN_POINT('',(143.302556,-59.516913,1.585));
#3744 = LINE('',#3745,#3746);
#3745 = CARTESIAN_POINT('',(142.910852,-59.516913,1.585));
#3746 = VECTOR('',#3747,1.);
#3747 = DIRECTION('',(1.,0.,0.));
#3748 = ORIENTED_EDGE('',*,*,#3749,.T.);
#3749 = EDGE_CURVE('',#3742,#3750,#3752,.T.);
#3750 = VERTEX_POINT('',#3751);
#3751 = CARTESIAN_POINT('',(144.347,-60.763162,1.585));
#3752 = LINE('',#3753,#3754);
#3753 = CARTESIAN_POINT('',(143.302556,-59.516913,1.585));
#3754 = VECTOR('',#3755,1.);
#3755 = DIRECTION('',(0.642324440334,-0.766432849863,0.));
#3756 = ORIENTED_EDGE('',*,*,#3757,.T.);
#3757 = EDGE_CURVE('',#3750,#3758,#3760,.T.);
#3758 = VERTEX_POINT('',#3759);
#3759 = CARTESIAN_POINT('',(145.391443,-59.516913,1.585));
#3760 = LINE('',#3761,#3762);
#3761 = CARTESIAN_POINT('',(144.347,-60.763162,1.585));
#3762 = VECTOR('',#3763,1.);
#3763 = DIRECTION('',(0.642324079076,0.766433152623,0.));
#3764 = ORIENTED_EDGE('',*,*,#3765,.T.);
#3765 = EDGE_CURVE('',#3758,#3766,#3768,.T.);
#3766 = VERTEX_POINT('',#3767);
#3767 = CARTESIAN_POINT('',(145.783148,-59.516913,1.585));
#3768 = LINE('',#3769,#3770);
#3769 = CARTESIAN_POINT('',(145.391443,-59.516913,1.585));
#3770 = VECTOR('',#3771,1.);
#3771 = DIRECTION('',(1.,0.,0.));
#3772 = ORIENTED_EDGE('',*,*,#3773,.T.);
#3773 = EDGE_CURVE('',#3766,#3774,#3776,.T.);
#3774 = VERTEX_POINT('',#3775);
#3775 = CARTESIAN_POINT('',(145.783148,-62.0375,1.585));
#3776 = LINE('',#3777,#3778);
#3777 = CARTESIAN_POINT('',(145.783148,-59.516913,1.585));
#3778 = VECTOR('',#3779,1.);
#3779 = DIRECTION('',(0.,-1.,0.));
#3780 = ORIENTED_EDGE('',*,*,#3781,.T.);
#3781 = EDGE_CURVE('',#3774,#3782,#3784,.T.);
#3782 = VERTEX_POINT('',#3783);
#3783 = CARTESIAN_POINT('',(145.496162,-62.0375,1.585));
#3784 = LINE('',#3785,#3786);
#3785 = CARTESIAN_POINT('',(145.783148,-62.0375,1.585));
#3786 = VECTOR('',#3787,1.);
#3787 = DIRECTION('',(-1.,0.,0.));
#3788 = ORIENTED_EDGE('',*,*,#3789,.T.);
#3789 = EDGE_CURVE('',#3782,#3790,#3792,.T.);
#3790 = VERTEX_POINT('',#3791);
#3791 = CARTESIAN_POINT('',(145.496162,-59.839009,1.585));
#3792 = LINE('',#3793,#3794);
#3793 = CARTESIAN_POINT('',(145.496162,-62.0375,1.585));
#3794 = VECTOR('',#3795,1.);
#3795 = DIRECTION('',(0.,1.,0.));
#3796 = ORIENTED_EDGE('',*,*,#3797,.T.);
#3797 = EDGE_CURVE('',#3790,#3798,#3800,.T.);
#3798 = VERTEX_POINT('',#3799);
#3799 = CARTESIAN_POINT('',(144.347,-61.207837,1.585));
#3800 = LINE('',#3801,#3802);
#3801 = CARTESIAN_POINT('',(145.496162,-59.839009,1.585));
#3802 = VECTOR('',#3803,1.);
#3803 = DIRECTION('',(-0.642977675256,-0.765884918981,0.));
#3804 = ORIENTED_EDGE('',*,*,#3805,.T.);
#3805 = EDGE_CURVE('',#3798,#3806,#3808,.T.);
#3806 = VERTEX_POINT('',#3807);
#3807 = CARTESIAN_POINT('',(143.197837,-59.839009,1.585));
#3808 = LINE('',#3809,#3810);
#3809 = CARTESIAN_POINT('',(144.347,-61.207837,1.585));
#3810 = VECTOR('',#3811,1.);
#3811 = DIRECTION('',(-0.642978003458,0.765884643447,0.));
#3812 = ORIENTED_EDGE('',*,*,#3813,.T.);
#3813 = EDGE_CURVE('',#3806,#3814,#3816,.T.);
#3814 = VERTEX_POINT('',#3815);
#3815 = CARTESIAN_POINT('',(143.197837,-62.0375,1.585));
#3816 = LINE('',#3817,#3818);
#3817 = CARTESIAN_POINT('',(143.197837,-59.839009,1.585));
#3818 = VECTOR('',#3819,1.);
#3819 = DIRECTION('',(0.,-1.,0.));
#3820 = ORIENTED_EDGE('',*,*,#3821,.T.);
#3821 = EDGE_CURVE('',#3814,#3732,#3822,.T.);
#3822 = LINE('',#3823,#3824);
#3823 = CARTESIAN_POINT('',(143.197837,-62.0375,1.585));
#3824 = VECTOR('',#3825,1.);
#3825 = DIRECTION('',(-1.,0.,0.));
#3826 = PLANE('',#3827);
#3827 = AXIS2_PLACEMENT_3D('',#3828,#3829,#3830);
#3828 = CARTESIAN_POINT('',(0.,0.,1.585));
#3829 = DIRECTION('',(0.,0.,1.));
#3830 = DIRECTION('',(1.,0.,-0.));
#3831 = SHELL_BASED_SURFACE_MODEL('',(#3832));
#3832 = OPEN_SHELL('',(#3833));
#3833 = ADVANCED_FACE('',(#3834),#4030,.T.);
#3834 = FACE_BOUND('',#3835,.F.);
#3835 = EDGE_LOOP('',(#3836,#3846,#3854,#3862,#3870,#3878,#3886,#3894,
    #3902,#3910,#3918,#3926,#3934,#3942,#3950,#3958,#3966,#3975,#3983,
    #3991,#3999,#4007,#4016,#4024));
#3836 = ORIENTED_EDGE('',*,*,#3837,.T.);
#3837 = EDGE_CURVE('',#3838,#3840,#3842,.T.);
#3838 = VERTEX_POINT('',#3839);
#3839 = CARTESIAN_POINT('',(146.14707,-61.613586,1.585));
#3840 = VERTEX_POINT('',#3841);
#3841 = CARTESIAN_POINT('',(146.14707,-60.005399,1.585));
#3842 = LINE('',#3843,#3844);
#3843 = CARTESIAN_POINT('',(146.14707,-61.613586,1.585));
#3844 = VECTOR('',#3845,1.);
#3845 = DIRECTION('',(0.,1.,0.));
#3846 = ORIENTED_EDGE('',*,*,#3847,.T.);
#3847 = EDGE_CURVE('',#3840,#3848,#3850,.T.);
#3848 = VERTEX_POINT('',#3849);
#3849 = CARTESIAN_POINT('',(146.434055,-60.005399,1.585));
#3850 = LINE('',#3851,#3852);
#3851 = CARTESIAN_POINT('',(146.14707,-60.005399,1.585));
#3852 = VECTOR('',#3853,1.);
#3853 = DIRECTION('',(1.,0.,0.));
#3854 = ORIENTED_EDGE('',*,*,#3855,.T.);
#3855 = EDGE_CURVE('',#3848,#3856,#3858,.T.);
#3856 = VERTEX_POINT('',#3857);
#3857 = CARTESIAN_POINT('',(146.434055,-61.613586,1.585));
#3858 = LINE('',#3859,#3860);
#3859 = CARTESIAN_POINT('',(146.434055,-60.005399,1.585));
#3860 = VECTOR('',#3861,1.);
#3861 = DIRECTION('',(0.,-1.,0.));
#3862 = ORIENTED_EDGE('',*,*,#3863,.T.);
#3863 = EDGE_CURVE('',#3856,#3864,#3866,.T.);
#3864 = VERTEX_POINT('',#3865);
#3865 = CARTESIAN_POINT('',(146.444085,-61.665571,1.585));
#3866 = LINE('',#3867,#3868);
#3867 = CARTESIAN_POINT('',(146.434055,-61.613586,1.585));
#3868 = VECTOR('',#3869,1.);
#3869 = DIRECTION('',(0.189446330782,-0.981891077337,0.));
#3870 = ORIENTED_EDGE('',*,*,#3871,.T.);
#3871 = EDGE_CURVE('',#3864,#3872,#3874,.T.);
#3872 = VERTEX_POINT('',#3873);
#3873 = CARTESIAN_POINT('',(146.474355,-61.709909,1.585));
#3874 = LINE('',#3875,#3876);
#3875 = CARTESIAN_POINT('',(146.444085,-61.665571,1.585));
#3876 = VECTOR('',#3877,1.);
#3877 = DIRECTION('',(0.563839570743,-0.825884337219,0.));
#3878 = ORIENTED_EDGE('',*,*,#3879,.T.);
#3879 = EDGE_CURVE('',#3872,#3880,#3882,.T.);
#3880 = VERTEX_POINT('',#3881);
#3881 = CARTESIAN_POINT('',(146.518819,-61.740183,1.585));
#3882 = LINE('',#3883,#3884);
#3883 = CARTESIAN_POINT('',(146.474355,-61.709909,1.585));
#3884 = VECTOR('',#3885,1.);
#3885 = DIRECTION('',(0.826593727422,-0.562799084742,0.));
#3886 = ORIENTED_EDGE('',*,*,#3887,.T.);
#3887 = EDGE_CURVE('',#3880,#3888,#3890,.T.);
#3888 = VERTEX_POINT('',#3889);
#3889 = CARTESIAN_POINT('',(146.570831,-61.750209,1.585));
#3890 = LINE('',#3891,#3892);
#3891 = CARTESIAN_POINT('',(146.518819,-61.740183,1.585));
#3892 = VECTOR('',#3893,1.);
#3893 = DIRECTION('',(0.981923404093,-0.189278705865,0.));
#3894 = ORIENTED_EDGE('',*,*,#3895,.T.);
#3895 = EDGE_CURVE('',#3888,#3896,#3898,.T.);
#3896 = VERTEX_POINT('',#3897);
#3897 = CARTESIAN_POINT('',(147.790824,-61.750209,1.585));
#3898 = LINE('',#3899,#3900);
#3899 = CARTESIAN_POINT('',(146.570831,-61.750209,1.585));
#3900 = VECTOR('',#3901,1.);
#3901 = DIRECTION('',(1.,0.,0.));
#3902 = ORIENTED_EDGE('',*,*,#3903,.T.);
#3903 = EDGE_CURVE('',#3896,#3904,#3906,.T.);
#3904 = VERTEX_POINT('',#3905);
#3905 = CARTESIAN_POINT('',(147.843254,-61.74023,1.585));
#3906 = LINE('',#3907,#3908);
#3907 = CARTESIAN_POINT('',(147.790824,-61.750209,1.585));
#3908 = VECTOR('',#3909,1.);
#3909 = DIRECTION('',(0.982364960213,0.186973487278,0.));
#3910 = ORIENTED_EDGE('',*,*,#3911,.T.);
#3911 = EDGE_CURVE('',#3904,#3912,#3914,.T.);
#3912 = VERTEX_POINT('',#3913);
#3913 = CARTESIAN_POINT('',(147.889132,-61.709909,1.585));
#3914 = LINE('',#3915,#3916);
#3915 = CARTESIAN_POINT('',(147.843254,-61.74023,1.585));
#3916 = VECTOR('',#3917,1.);
#3917 = DIRECTION('',(0.83426213185,0.551368021706,0.));
#3918 = ORIENTED_EDGE('',*,*,#3919,.T.);
#3919 = EDGE_CURVE('',#3912,#3920,#3922,.T.);
#3920 = VERTEX_POINT('',#3921);
#3921 = CARTESIAN_POINT('',(147.920839,-61.665429,1.585));
#3922 = LINE('',#3923,#3924);
#3923 = CARTESIAN_POINT('',(147.889132,-61.709909,1.585));
#3924 = VECTOR('',#3925,1.);
#3925 = DIRECTION('',(0.580456914018,0.814290962107,0.));
#3926 = ORIENTED_EDGE('',*,*,#3927,.T.);
#3927 = EDGE_CURVE('',#3920,#3928,#3930,.T.);
#3928 = VERTEX_POINT('',#3929);
#3929 = CARTESIAN_POINT('',(147.931264,-61.613586,1.585));
#3930 = LINE('',#3931,#3932);
#3931 = CARTESIAN_POINT('',(147.920839,-61.665429,1.585));
#3932 = VECTOR('',#3933,1.);
#3933 = DIRECTION('',(0.197141556735,0.980375033652,0.));
#3934 = ORIENTED_EDGE('',*,*,#3935,.T.);
#3935 = EDGE_CURVE('',#3928,#3936,#3938,.T.);
#3936 = VERTEX_POINT('',#3937);
#3937 = CARTESIAN_POINT('',(147.931264,-60.005399,1.585));
#3938 = LINE('',#3939,#3940);
#3939 = CARTESIAN_POINT('',(147.931264,-61.613586,1.585));
#3940 = VECTOR('',#3941,1.);
#3941 = DIRECTION('',(0.,1.,0.));
#3942 = ORIENTED_EDGE('',*,*,#3943,.T.);
#3943 = EDGE_CURVE('',#3936,#3944,#3946,.T.);
#3944 = VERTEX_POINT('',#3945);
#3945 = CARTESIAN_POINT('',(148.218249,-60.005399,1.585));
#3946 = LINE('',#3947,#3948);
#3947 = CARTESIAN_POINT('',(147.931264,-60.005399,1.585));
#3948 = VECTOR('',#3949,1.);
#3949 = DIRECTION('',(1.,0.,0.));
#3950 = ORIENTED_EDGE('',*,*,#3951,.T.);
#3951 = EDGE_CURVE('',#3944,#3952,#3954,.T.);
#3952 = VERTEX_POINT('',#3953);
#3953 = CARTESIAN_POINT('',(148.218249,-61.613586,1.585));
#3954 = LINE('',#3955,#3956);
#3955 = CARTESIAN_POINT('',(148.218249,-60.005399,1.585));
#3956 = VECTOR('',#3957,1.);
#3957 = DIRECTION('',(0.,-1.,0.));
#3958 = ORIENTED_EDGE('',*,*,#3959,.T.);
#3959 = EDGE_CURVE('',#3952,#3960,#3962,.T.);
#3960 = VERTEX_POINT('',#3961);
#3961 = CARTESIAN_POINT('',(148.203689,-61.724724,1.585));
#3962 = LINE('',#3963,#3964);
#3963 = CARTESIAN_POINT('',(148.218249,-61.613586,1.585));
#3964 = VECTOR('',#3965,1.);
#3965 = DIRECTION('',(-0.129898304892,-0.991527322057,0.));
#3966 = ORIENTED_EDGE('',*,*,#3967,.T.);
#3967 = EDGE_CURVE('',#3960,#3968,#3970,.T.);
#3968 = VERTEX_POINT('',#3969);
#3969 = CARTESIAN_POINT('',(148.006063,-61.979797,1.585));
#3970 = CIRCLE('',#3971,0.434367636091);
#3971 = AXIS2_PLACEMENT_3D('',#3972,#3973,#3974);
#3972 = CARTESIAN_POINT('',(147.78607309059,-61.6052577056,1.585));
#3973 = DIRECTION('',(0.,0.,-1.));
#3974 = DIRECTION('',(0.961434220014,-0.27503498066,0.));
#3975 = ORIENTED_EDGE('',*,*,#3976,.T.);
#3976 = EDGE_CURVE('',#3968,#3977,#3979,.T.);
#3977 = VERTEX_POINT('',#3978);
#3978 = CARTESIAN_POINT('',(147.904814,-62.022859,1.585));
#3979 = LINE('',#3980,#3981);
#3980 = CARTESIAN_POINT('',(148.006063,-61.979797,1.585));
#3981 = VECTOR('',#3982,1.);
#3982 = DIRECTION('',(-0.920228889899,-0.391380620617,0.));
#3983 = ORIENTED_EDGE('',*,*,#3984,.T.);
#3984 = EDGE_CURVE('',#3977,#3985,#3987,.T.);
#3985 = VERTEX_POINT('',#3986);
#3986 = CARTESIAN_POINT('',(147.790519,-62.0375,1.585));
#3987 = LINE('',#3988,#3989);
#3988 = CARTESIAN_POINT('',(147.904814,-62.022859,1.585));
#3989 = VECTOR('',#3990,1.);
#3990 = DIRECTION('',(-0.991895019196,-0.127060107407,0.));
#3991 = ORIENTED_EDGE('',*,*,#3992,.T.);
#3992 = EDGE_CURVE('',#3985,#3993,#3995,.T.);
#3993 = VERTEX_POINT('',#3994);
#3994 = CARTESIAN_POINT('',(146.570983,-62.0375,1.585));
#3995 = LINE('',#3996,#3997);
#3996 = CARTESIAN_POINT('',(147.790519,-62.0375,1.585));
#3997 = VECTOR('',#3998,1.);
#3998 = DIRECTION('',(-1.,0.,0.));
#3999 = ORIENTED_EDGE('',*,*,#4000,.T.);
#4000 = EDGE_CURVE('',#3993,#4001,#4003,.T.);
#4001 = VERTEX_POINT('',#4002);
#4002 = CARTESIAN_POINT('',(146.459968,-62.02298,1.585));
#4003 = LINE('',#4004,#4005);
#4004 = CARTESIAN_POINT('',(146.570983,-62.0375,1.585));
#4005 = VECTOR('',#4006,1.);
#4006 = DIRECTION('',(-0.991554777946,0.129688558986,0.));
#4007 = ORIENTED_EDGE('',*,*,#4008,.T.);
#4008 = EDGE_CURVE('',#4001,#4009,#4011,.T.);
#4009 = VERTEX_POINT('',#4010);
#4010 = CARTESIAN_POINT('',(146.204925,-61.825619,1.585));
#4011 = CIRCLE('',#4012,0.433754854342);
#4012 = AXIS2_PLACEMENT_3D('',#4013,#4014,#4015);
#4013 = CARTESIAN_POINT('',(146.57887915947,-61.60584284052,1.585));
#4014 = DIRECTION('',(0.,0.,-1.));
#4015 = DIRECTION('',(-0.274143697269,-0.961688740314,-0.));
#4016 = ORIENTED_EDGE('',*,*,#4017,.T.);
#4017 = EDGE_CURVE('',#4009,#4018,#4020,.T.);
#4018 = VERTEX_POINT('',#4019);
#4019 = CARTESIAN_POINT('',(146.161629,-61.724724,1.585));
#4020 = LINE('',#4021,#4022);
#4021 = CARTESIAN_POINT('',(146.204925,-61.825619,1.585));
#4022 = VECTOR('',#4023,1.);
#4023 = DIRECTION('',(-0.394344667871,0.918962612363,0.));
#4024 = ORIENTED_EDGE('',*,*,#4025,.T.);
#4025 = EDGE_CURVE('',#4018,#3838,#4026,.T.);
#4026 = LINE('',#4027,#4028);
#4027 = CARTESIAN_POINT('',(146.161629,-61.724724,1.585));
#4028 = VECTOR('',#4029,1.);
#4029 = DIRECTION('',(-0.129889533829,0.9915284711,0.));
#4030 = PLANE('',#4031);
#4031 = AXIS2_PLACEMENT_3D('',#4032,#4033,#4034);
#4032 = CARTESIAN_POINT('',(0.,0.,1.585));
#4033 = DIRECTION('',(0.,0.,1.));
#4034 = DIRECTION('',(1.,0.,-0.));
#4035 = SHELL_BASED_SURFACE_MODEL('',(#4036));
#4036 = OPEN_SHELL('',(#4037));
#4037 = ADVANCED_FACE('',(#4038),#4153,.T.);
#4038 = FACE_BOUND('',#4039,.F.);
#4039 = EDGE_LOOP('',(#4040,#4050,#4058,#4066,#4074,#4082,#4090,#4098,
    #4106,#4114,#4122,#4130,#4139,#4147));
#4040 = ORIENTED_EDGE('',*,*,#4041,.T.);
#4041 = EDGE_CURVE('',#4042,#4044,#4046,.T.);
#4042 = VERTEX_POINT('',#4043);
#4043 = CARTESIAN_POINT('',(148.577286,-61.613738,1.585));
#4044 = VERTEX_POINT('',#4045);
#4045 = CARTESIAN_POINT('',(148.577286,-59.341058,1.585));
#4046 = LINE('',#4047,#4048);
#4047 = CARTESIAN_POINT('',(148.577286,-61.613738,1.585));
#4048 = VECTOR('',#4049,1.);
#4049 = DIRECTION('',(0.,1.,0.));
#4050 = ORIENTED_EDGE('',*,*,#4051,.T.);
#4051 = EDGE_CURVE('',#4044,#4052,#4054,.T.);
#4052 = VERTEX_POINT('',#4053);
#4053 = CARTESIAN_POINT('',(148.864271,-59.341058,1.585));
#4054 = LINE('',#4055,#4056);
#4055 = CARTESIAN_POINT('',(148.577286,-59.341058,1.585));
#4056 = VECTOR('',#4057,1.);
#4057 = DIRECTION('',(1.,0.,0.));
#4058 = ORIENTED_EDGE('',*,*,#4059,.T.);
#4059 = EDGE_CURVE('',#4052,#4060,#4062,.T.);
#4060 = VERTEX_POINT('',#4061);
#4061 = CARTESIAN_POINT('',(148.864271,-61.613738,1.585));
#4062 = LINE('',#4063,#4064);
#4063 = CARTESIAN_POINT('',(148.864271,-59.341058,1.585));
#4064 = VECTOR('',#4065,1.);
#4065 = DIRECTION('',(0.,-1.,0.));
#4066 = ORIENTED_EDGE('',*,*,#4067,.T.);
#4067 = EDGE_CURVE('',#4060,#4068,#4070,.T.);
#4068 = VERTEX_POINT('',#4069);
#4069 = CARTESIAN_POINT('',(148.874295,-61.665593,1.585));
#4070 = LINE('',#4071,#4072);
#4071 = CARTESIAN_POINT('',(148.864271,-61.613738,1.585));
#4072 = VECTOR('',#4073,1.);
#4073 = DIRECTION('',(0.189794655207,-0.981823807439,0.));
#4074 = ORIENTED_EDGE('',*,*,#4075,.T.);
#4075 = EDGE_CURVE('',#4068,#4076,#4078,.T.);
#4076 = VERTEX_POINT('',#4077);
#4077 = CARTESIAN_POINT('',(148.904571,-61.709909,1.585));
#4078 = LINE('',#4079,#4080);
#4079 = CARTESIAN_POINT('',(148.874295,-61.665593,1.585));
#4080 = VECTOR('',#4081,1.);
#4081 = DIRECTION('',(0.564106673364,-0.825701920227,0.));
#4082 = ORIENTED_EDGE('',*,*,#4083,.T.);
#4083 = EDGE_CURVE('',#4076,#4084,#4086,.T.);
#4084 = VERTEX_POINT('',#4085);
#4085 = CARTESIAN_POINT('',(148.949035,-61.740183,1.585));
#4086 = LINE('',#4087,#4088);
#4087 = CARTESIAN_POINT('',(148.904571,-61.709909,1.585));
#4088 = VECTOR('',#4089,1.);
#4089 = DIRECTION('',(0.826593727422,-0.562799084742,0.));
#4090 = ORIENTED_EDGE('',*,*,#4091,.T.);
#4091 = EDGE_CURVE('',#4084,#4092,#4094,.T.);
#4092 = VERTEX_POINT('',#4093);
#4093 = CARTESIAN_POINT('',(149.001047,-61.750209,1.585));
#4094 = LINE('',#4095,#4096);
#4095 = CARTESIAN_POINT('',(148.949035,-61.740183,1.585));
#4096 = VECTOR('',#4097,1.);
#4097 = DIRECTION('',(0.981923404093,-0.189278705865,0.));
#4098 = ORIENTED_EDGE('',*,*,#4099,.T.);
#4099 = EDGE_CURVE('',#4092,#4100,#4102,.T.);
#4100 = VERTEX_POINT('',#4101);
#4101 = CARTESIAN_POINT('',(149.344208,-61.750209,1.585));
#4102 = LINE('',#4103,#4104);
#4103 = CARTESIAN_POINT('',(149.001047,-61.750209,1.585));
#4104 = VECTOR('',#4105,1.);
#4105 = DIRECTION('',(1.,0.,0.));
#4106 = ORIENTED_EDGE('',*,*,#4107,.T.);
#4107 = EDGE_CURVE('',#4100,#4108,#4110,.T.);
#4108 = VERTEX_POINT('',#4109);
#4109 = CARTESIAN_POINT('',(149.344208,-62.0375,1.585));
#4110 = LINE('',#4111,#4112);
#4111 = CARTESIAN_POINT('',(149.344208,-61.750209,1.585));
#4112 = VECTOR('',#4113,1.);
#4113 = DIRECTION('',(0.,-1.,0.));
#4114 = ORIENTED_EDGE('',*,*,#4115,.T.);
#4115 = EDGE_CURVE('',#4108,#4116,#4118,.T.);
#4116 = VERTEX_POINT('',#4117);
#4117 = CARTESIAN_POINT('',(149.0012,-62.0375,1.585));
#4118 = LINE('',#4119,#4120);
#4119 = CARTESIAN_POINT('',(149.344208,-62.0375,1.585));
#4120 = VECTOR('',#4121,1.);
#4121 = DIRECTION('',(-1.,0.,0.));
#4122 = ORIENTED_EDGE('',*,*,#4123,.T.);
#4123 = EDGE_CURVE('',#4116,#4124,#4126,.T.);
#4124 = VERTEX_POINT('',#4125);
#4125 = CARTESIAN_POINT('',(148.889943,-62.022967,1.585));
#4126 = LINE('',#4127,#4128);
#4127 = CARTESIAN_POINT('',(149.0012,-62.0375,1.585));
#4128 = VECTOR('',#4129,1.);
#4129 = DIRECTION('',(-0.991576141197,0.12952511806,0.));
#4130 = ORIENTED_EDGE('',*,*,#4131,.T.);
#4131 = EDGE_CURVE('',#4124,#4132,#4134,.T.);
#4132 = VERTEX_POINT('',#4133);
#4133 = CARTESIAN_POINT('',(148.634988,-61.825619,1.585));
#4134 = CIRCLE('',#4135,0.433882149459);
#4135 = AXIS2_PLACEMENT_3D('',#4136,#4137,#4138);
#4136 = CARTESIAN_POINT('',(149.00903462718,-61.60574894675,1.585));
#4137 = DIRECTION('',(0.,0.,-1.));
#4138 = DIRECTION('',(-0.274479204383,-0.961593035728,-0.));
#4139 = ORIENTED_EDGE('',*,*,#4140,.T.);
#4140 = EDGE_CURVE('',#4132,#4141,#4143,.T.);
#4141 = VERTEX_POINT('',#4142);
#4142 = CARTESIAN_POINT('',(148.591814,-61.724863,1.585));
#4143 = LINE('',#4144,#4145);
#4144 = CARTESIAN_POINT('',(148.634988,-61.825619,1.585));
#4145 = VECTOR('',#4146,1.);
#4146 = DIRECTION('',(-0.393864246985,0.919168621607,0.));
#4147 = ORIENTED_EDGE('',*,*,#4148,.T.);
#4148 = EDGE_CURVE('',#4141,#4042,#4149,.T.);
#4149 = LINE('',#4150,#4151);
#4150 = CARTESIAN_POINT('',(148.591814,-61.724863,1.585));
#4151 = VECTOR('',#4152,1.);
#4152 = DIRECTION('',(-0.129632524325,0.991562105285,0.));
#4153 = PLANE('',#4154);
#4154 = AXIS2_PLACEMENT_3D('',#4155,#4156,#4157);
#4155 = CARTESIAN_POINT('',(0.,0.,1.585));
#4156 = DIRECTION('',(0.,0.,1.));
#4157 = DIRECTION('',(1.,0.,-0.));
#4158 = SHELL_BASED_SURFACE_MODEL('',(#4159));
#4159 = OPEN_SHELL('',(#4160));
#4160 = ADVANCED_FACE('',(#4161),#4308,.T.);
#4161 = FACE_BOUND('',#4162,.F.);
#4162 = EDGE_LOOP('',(#4163,#4173,#4181,#4189,#4197,#4205,#4213,#4221,
    #4229,#4237,#4245,#4253,#4261,#4269,#4277,#4286,#4294,#4302));
#4163 = ORIENTED_EDGE('',*,*,#4164,.T.);
#4164 = EDGE_CURVE('',#4165,#4167,#4169,.T.);
#4165 = VERTEX_POINT('',#4166);
#4166 = CARTESIAN_POINT('',(149.632415,-61.613738,1.585));
#4167 = VERTEX_POINT('',#4168);
#4168 = CARTESIAN_POINT('',(149.632415,-59.341058,1.585));
#4169 = LINE('',#4170,#4171);
#4170 = CARTESIAN_POINT('',(149.632415,-61.613738,1.585));
#4171 = VECTOR('',#4172,1.);
#4172 = DIRECTION('',(0.,1.,0.));
#4173 = ORIENTED_EDGE('',*,*,#4174,.T.);
#4174 = EDGE_CURVE('',#4167,#4175,#4177,.T.);
#4175 = VERTEX_POINT('',#4176);
#4176 = CARTESIAN_POINT('',(149.9194,-59.341058,1.585));
#4177 = LINE('',#4178,#4179);
#4178 = CARTESIAN_POINT('',(149.632415,-59.341058,1.585));
#4179 = VECTOR('',#4180,1.);
#4180 = DIRECTION('',(1.,0.,0.));
#4181 = ORIENTED_EDGE('',*,*,#4182,.T.);
#4182 = EDGE_CURVE('',#4175,#4183,#4185,.T.);
#4183 = VERTEX_POINT('',#4184);
#4184 = CARTESIAN_POINT('',(149.9194,-60.005399,1.585));
#4185 = LINE('',#4186,#4187);
#4186 = CARTESIAN_POINT('',(149.9194,-59.341058,1.585));
#4187 = VECTOR('',#4188,1.);
#4188 = DIRECTION('',(0.,-1.,0.));
#4189 = ORIENTED_EDGE('',*,*,#4190,.T.);
#4190 = EDGE_CURVE('',#4183,#4191,#4193,.T.);
#4191 = VERTEX_POINT('',#4192);
#4192 = CARTESIAN_POINT('',(150.799896,-60.005399,1.585));
#4193 = LINE('',#4194,#4195);
#4194 = CARTESIAN_POINT('',(149.9194,-60.005399,1.585));
#4195 = VECTOR('',#4196,1.);
#4196 = DIRECTION('',(1.,0.,0.));
#4197 = ORIENTED_EDGE('',*,*,#4198,.T.);
#4198 = EDGE_CURVE('',#4191,#4199,#4201,.T.);
#4199 = VERTEX_POINT('',#4200);
#4200 = CARTESIAN_POINT('',(150.799896,-60.29269,1.585));
#4201 = LINE('',#4202,#4203);
#4202 = CARTESIAN_POINT('',(150.799896,-60.005399,1.585));
#4203 = VECTOR('',#4204,1.);
#4204 = DIRECTION('',(0.,-1.,0.));
#4205 = ORIENTED_EDGE('',*,*,#4206,.T.);
#4206 = EDGE_CURVE('',#4199,#4207,#4209,.T.);
#4207 = VERTEX_POINT('',#4208);
#4208 = CARTESIAN_POINT('',(149.9194,-60.29269,1.585));
#4209 = LINE('',#4210,#4211);
#4210 = CARTESIAN_POINT('',(150.799896,-60.29269,1.585));
#4211 = VECTOR('',#4212,1.);
#4212 = DIRECTION('',(-1.,0.,0.));
#4213 = ORIENTED_EDGE('',*,*,#4214,.T.);
#4214 = EDGE_CURVE('',#4207,#4215,#4217,.T.);
#4215 = VERTEX_POINT('',#4216);
#4216 = CARTESIAN_POINT('',(149.9194,-61.613586,1.585));
#4217 = LINE('',#4218,#4219);
#4218 = CARTESIAN_POINT('',(149.9194,-60.29269,1.585));
#4219 = VECTOR('',#4220,1.);
#4220 = DIRECTION('',(0.,-1.,0.));
#4221 = ORIENTED_EDGE('',*,*,#4222,.T.);
#4222 = EDGE_CURVE('',#4215,#4223,#4225,.T.);
#4223 = VERTEX_POINT('',#4224);
#4224 = CARTESIAN_POINT('',(149.929431,-61.665571,1.585));
#4225 = LINE('',#4226,#4227);
#4226 = CARTESIAN_POINT('',(149.9194,-61.613586,1.585));
#4227 = VECTOR('',#4228,1.);
#4228 = DIRECTION('',(0.189464540766,-0.981887563722,0.));
#4229 = ORIENTED_EDGE('',*,*,#4230,.T.);
#4230 = EDGE_CURVE('',#4223,#4231,#4233,.T.);
#4231 = VERTEX_POINT('',#4232);
#4232 = CARTESIAN_POINT('',(149.9597,-61.709909,1.585));
#4233 = LINE('',#4234,#4235);
#4234 = CARTESIAN_POINT('',(149.929431,-61.665571,1.585));
#4235 = VECTOR('',#4236,1.);
#4236 = DIRECTION('',(0.563826865341,-0.825893011182,0.));
#4237 = ORIENTED_EDGE('',*,*,#4238,.T.);
#4238 = EDGE_CURVE('',#4231,#4239,#4241,.T.);
#4239 = VERTEX_POINT('',#4240);
#4240 = CARTESIAN_POINT('',(150.004164,-61.740183,1.585));
#4241 = LINE('',#4242,#4243);
#4242 = CARTESIAN_POINT('',(149.9597,-61.709909,1.585));
#4243 = VECTOR('',#4244,1.);
#4244 = DIRECTION('',(0.826593727422,-0.562799084742,0.));
#4245 = ORIENTED_EDGE('',*,*,#4246,.T.);
#4246 = EDGE_CURVE('',#4239,#4247,#4249,.T.);
#4247 = VERTEX_POINT('',#4248);
#4248 = CARTESIAN_POINT('',(150.056176,-61.750209,1.585));
#4249 = LINE('',#4250,#4251);
#4250 = CARTESIAN_POINT('',(150.004164,-61.740183,1.585));
#4251 = VECTOR('',#4252,1.);
#4252 = DIRECTION('',(0.981923404093,-0.189278705865,0.));
#4253 = ORIENTED_EDGE('',*,*,#4254,.T.);
#4254 = EDGE_CURVE('',#4247,#4255,#4257,.T.);
#4255 = VERTEX_POINT('',#4256);
#4256 = CARTESIAN_POINT('',(150.799896,-61.750209,1.585));
#4257 = LINE('',#4258,#4259);
#4258 = CARTESIAN_POINT('',(150.056176,-61.750209,1.585));
#4259 = VECTOR('',#4260,1.);
#4260 = DIRECTION('',(1.,0.,0.));
#4261 = ORIENTED_EDGE('',*,*,#4262,.T.);
#4262 = EDGE_CURVE('',#4255,#4263,#4265,.T.);
#4263 = VERTEX_POINT('',#4264);
#4264 = CARTESIAN_POINT('',(150.799896,-62.0375,1.585));
#4265 = LINE('',#4266,#4267);
#4266 = CARTESIAN_POINT('',(150.799896,-61.750209,1.585));
#4267 = VECTOR('',#4268,1.);
#4268 = DIRECTION('',(0.,-1.,0.));
#4269 = ORIENTED_EDGE('',*,*,#4270,.T.);
#4270 = EDGE_CURVE('',#4263,#4271,#4273,.T.);
#4271 = VERTEX_POINT('',#4272);
#4272 = CARTESIAN_POINT('',(150.056634,-62.0375,1.585));
#4273 = LINE('',#4274,#4275);
#4274 = CARTESIAN_POINT('',(150.799896,-62.0375,1.585));
#4275 = VECTOR('',#4276,1.);
#4276 = DIRECTION('',(-1.,0.,0.));
#4277 = ORIENTED_EDGE('',*,*,#4278,.T.);
#4278 = EDGE_CURVE('',#4271,#4279,#4281,.T.);
#4279 = VERTEX_POINT('',#4280);
#4280 = CARTESIAN_POINT('',(149.754579,-61.912253,1.585));
#4281 = CIRCLE('',#4282,0.414870312676);
#4282 = AXIS2_PLACEMENT_3D('',#4283,#4284,#4285);
#4283 = CARTESIAN_POINT('',(150.05165311911,-61.62265958831,1.585));
#4284 = DIRECTION('',(0.,0.,-1.));
#4285 = DIRECTION('',(1.20058744382E-02,-0.999927926892,0.));
#4286 = ORIENTED_EDGE('',*,*,#4287,.T.);
#4287 = EDGE_CURVE('',#4279,#4288,#4290,.T.);
#4288 = VERTEX_POINT('',#4289);
#4289 = CARTESIAN_POINT('',(149.688438,-61.825619,1.585));
#4290 = LINE('',#4291,#4292);
#4291 = CARTESIAN_POINT('',(149.754579,-61.912253,1.585));
#4292 = VECTOR('',#4293,1.);
#4293 = DIRECTION('',(-0.606821613161,0.794838052562,0.));
#4294 = ORIENTED_EDGE('',*,*,#4295,.T.);
#4295 = EDGE_CURVE('',#4288,#4296,#4298,.T.);
#4296 = VERTEX_POINT('',#4297);
#4297 = CARTESIAN_POINT('',(149.646547,-61.724962,1.585));
#4298 = LINE('',#4299,#4300);
#4299 = CARTESIAN_POINT('',(149.688438,-61.825619,1.585));
#4300 = VECTOR('',#4301,1.);
#4301 = DIRECTION('',(-0.384229145134,0.923237761375,0.));
#4302 = ORIENTED_EDGE('',*,*,#4303,.T.);
#4303 = EDGE_CURVE('',#4296,#4165,#4304,.T.);
#4304 = LINE('',#4305,#4306);
#4305 = CARTESIAN_POINT('',(149.646547,-61.724962,1.585));
#4306 = VECTOR('',#4307,1.);
#4307 = DIRECTION('',(-0.126045544204,0.99202445574,0.));
#4308 = PLANE('',#4309);
#4309 = AXIS2_PLACEMENT_3D('',#4310,#4311,#4312);
#4310 = CARTESIAN_POINT('',(0.,0.,1.585));
#4311 = DIRECTION('',(0.,0.,1.));
#4312 = DIRECTION('',(1.,0.,-0.));
#4313 = SHELL_BASED_SURFACE_MODEL('',(#4314));
#4314 = OPEN_SHELL('',(#4315));
#4315 = ADVANCED_FACE('',(#4316),#4350,.T.);
#4316 = FACE_BOUND('',#4317,.F.);
#4317 = EDGE_LOOP('',(#4318,#4328,#4336,#4344));
#4318 = ORIENTED_EDGE('',*,*,#4319,.T.);
#4319 = EDGE_CURVE('',#4320,#4322,#4324,.T.);
#4320 = VERTEX_POINT('',#4321);
#4321 = CARTESIAN_POINT('',(151.083217,-62.0375,1.585));
#4322 = VERTEX_POINT('',#4323);
#4323 = CARTESIAN_POINT('',(151.083217,-60.005399,1.585));
#4324 = LINE('',#4325,#4326);
#4325 = CARTESIAN_POINT('',(151.083217,-62.0375,1.585));
#4326 = VECTOR('',#4327,1.);
#4327 = DIRECTION('',(0.,1.,0.));
#4328 = ORIENTED_EDGE('',*,*,#4329,.T.);
#4329 = EDGE_CURVE('',#4322,#4330,#4332,.T.);
#4330 = VERTEX_POINT('',#4331);
#4331 = CARTESIAN_POINT('',(151.370203,-60.005399,1.585));
#4332 = LINE('',#4333,#4334);
#4333 = CARTESIAN_POINT('',(151.083217,-60.005399,1.585));
#4334 = VECTOR('',#4335,1.);
#4335 = DIRECTION('',(1.,0.,0.));
#4336 = ORIENTED_EDGE('',*,*,#4337,.T.);
#4337 = EDGE_CURVE('',#4330,#4338,#4340,.T.);
#4338 = VERTEX_POINT('',#4339);
#4339 = CARTESIAN_POINT('',(151.370203,-62.0375,1.585));
#4340 = LINE('',#4341,#4342);
#4341 = CARTESIAN_POINT('',(151.370203,-60.005399,1.585));
#4342 = VECTOR('',#4343,1.);
#4343 = DIRECTION('',(0.,-1.,0.));
#4344 = ORIENTED_EDGE('',*,*,#4345,.T.);
#4345 = EDGE_CURVE('',#4338,#4320,#4346,.T.);
#4346 = LINE('',#4347,#4348);
#4347 = CARTESIAN_POINT('',(151.370203,-62.0375,1.585));
#4348 = VECTOR('',#4349,1.);
#4349 = DIRECTION('',(-1.,0.,0.));
#4350 = PLANE('',#4351);
#4351 = AXIS2_PLACEMENT_3D('',#4352,#4353,#4354);
#4352 = CARTESIAN_POINT('',(0.,0.,1.585));
#4353 = DIRECTION('',(0.,0.,1.));
#4354 = DIRECTION('',(1.,0.,-0.));
#4355 = SHELL_BASED_SURFACE_MODEL('',(#4356));
#4356 = OPEN_SHELL('',(#4357));
#4357 = ADVANCED_FACE('',(#4358),#4473,.T.);
#4358 = FACE_BOUND('',#4359,.F.);
#4359 = EDGE_LOOP('',(#4360,#4370,#4378,#4386,#4394,#4402,#4410,#4418,
    #4426,#4434,#4442,#4450,#4459,#4467));
#4360 = ORIENTED_EDGE('',*,*,#4361,.T.);
#4361 = EDGE_CURVE('',#4362,#4364,#4366,.T.);
#4362 = VERTEX_POINT('',#4363);
#4363 = CARTESIAN_POINT('',(154.045883,-61.613738,1.585));
#4364 = VERTEX_POINT('',#4365);
#4365 = CARTESIAN_POINT('',(154.045883,-59.341058,1.585));
#4366 = LINE('',#4367,#4368);
#4367 = CARTESIAN_POINT('',(154.045883,-61.613738,1.585));
#4368 = VECTOR('',#4369,1.);
#4369 = DIRECTION('',(0.,1.,0.));
#4370 = ORIENTED_EDGE('',*,*,#4371,.T.);
#4371 = EDGE_CURVE('',#4364,#4372,#4374,.T.);
#4372 = VERTEX_POINT('',#4373);
#4373 = CARTESIAN_POINT('',(154.332869,-59.341058,1.585));
#4374 = LINE('',#4375,#4376);
#4375 = CARTESIAN_POINT('',(154.045883,-59.341058,1.585));
#4376 = VECTOR('',#4377,1.);
#4377 = DIRECTION('',(1.,0.,0.));
#4378 = ORIENTED_EDGE('',*,*,#4379,.T.);
#4379 = EDGE_CURVE('',#4372,#4380,#4382,.T.);
#4380 = VERTEX_POINT('',#4381);
#4381 = CARTESIAN_POINT('',(154.332869,-61.613738,1.585));
#4382 = LINE('',#4383,#4384);
#4383 = CARTESIAN_POINT('',(154.332869,-59.341058,1.585));
#4384 = VECTOR('',#4385,1.);
#4385 = DIRECTION('',(0.,-1.,0.));
#4386 = ORIENTED_EDGE('',*,*,#4387,.T.);
#4387 = EDGE_CURVE('',#4380,#4388,#4390,.T.);
#4388 = VERTEX_POINT('',#4389);
#4389 = CARTESIAN_POINT('',(154.342892,-61.665593,1.585));
#4390 = LINE('',#4391,#4392);
#4391 = CARTESIAN_POINT('',(154.332869,-61.613738,1.585));
#4392 = VECTOR('',#4393,1.);
#4393 = DIRECTION('',(0.189776403127,-0.981827335541,0.));
#4394 = ORIENTED_EDGE('',*,*,#4395,.T.);
#4395 = EDGE_CURVE('',#4388,#4396,#4398,.T.);
#4396 = VERTEX_POINT('',#4397);
#4397 = CARTESIAN_POINT('',(154.373169,-61.709909,1.585));
#4398 = LINE('',#4399,#4400);
#4399 = CARTESIAN_POINT('',(154.342892,-61.665593,1.585));
#4400 = VECTOR('',#4401,1.);
#4401 = DIRECTION('',(0.564119376252,-0.825693241669,0.));
#4402 = ORIENTED_EDGE('',*,*,#4403,.T.);
#4403 = EDGE_CURVE('',#4396,#4404,#4406,.T.);
#4404 = VERTEX_POINT('',#4405);
#4405 = CARTESIAN_POINT('',(154.417632,-61.740183,1.585));
#4406 = LINE('',#4407,#4408);
#4407 = CARTESIAN_POINT('',(154.373169,-61.709909,1.585));
#4408 = VECTOR('',#4409,1.);
#4409 = DIRECTION('',(0.826587838981,-0.562807733111,0.));
#4410 = ORIENTED_EDGE('',*,*,#4411,.T.);
#4411 = EDGE_CURVE('',#4404,#4412,#4414,.T.);
#4412 = VERTEX_POINT('',#4413);
#4413 = CARTESIAN_POINT('',(154.469645,-61.750209,1.585));
#4414 = LINE('',#4415,#4416);
#4415 = CARTESIAN_POINT('',(154.417632,-61.740183,1.585));
#4416 = VECTOR('',#4417,1.);
#4417 = DIRECTION('',(0.981924080434,-0.18927519717,0.));
#4418 = ORIENTED_EDGE('',*,*,#4419,.T.);
#4419 = EDGE_CURVE('',#4412,#4420,#4422,.T.);
#4420 = VERTEX_POINT('',#4421);
#4421 = CARTESIAN_POINT('',(154.812806,-61.750209,1.585));
#4422 = LINE('',#4423,#4424);
#4423 = CARTESIAN_POINT('',(154.469645,-61.750209,1.585));
#4424 = VECTOR('',#4425,1.);
#4425 = DIRECTION('',(1.,0.,0.));
#4426 = ORIENTED_EDGE('',*,*,#4427,.T.);
#4427 = EDGE_CURVE('',#4420,#4428,#4430,.T.);
#4428 = VERTEX_POINT('',#4429);
#4429 = CARTESIAN_POINT('',(154.812806,-62.0375,1.585));
#4430 = LINE('',#4431,#4432);
#4431 = CARTESIAN_POINT('',(154.812806,-61.750209,1.585));
#4432 = VECTOR('',#4433,1.);
#4433 = DIRECTION('',(0.,-1.,0.));
#4434 = ORIENTED_EDGE('',*,*,#4435,.T.);
#4435 = EDGE_CURVE('',#4428,#4436,#4438,.T.);
#4436 = VERTEX_POINT('',#4437);
#4437 = CARTESIAN_POINT('',(154.469797,-62.0375,1.585));
#4438 = LINE('',#4439,#4440);
#4439 = CARTESIAN_POINT('',(154.812806,-62.0375,1.585));
#4440 = VECTOR('',#4441,1.);
#4441 = DIRECTION('',(-1.,0.,0.));
#4442 = ORIENTED_EDGE('',*,*,#4443,.T.);
#4443 = EDGE_CURVE('',#4436,#4444,#4446,.T.);
#4444 = VERTEX_POINT('',#4445);
#4445 = CARTESIAN_POINT('',(154.35854,-62.022967,1.585));
#4446 = LINE('',#4447,#4448);
#4447 = CARTESIAN_POINT('',(154.469797,-62.0375,1.585));
#4448 = VECTOR('',#4449,1.);
#4449 = DIRECTION('',(-0.991576141197,0.12952511806,0.));
#4450 = ORIENTED_EDGE('',*,*,#4451,.T.);
#4451 = EDGE_CURVE('',#4444,#4452,#4454,.T.);
#4452 = VERTEX_POINT('',#4453);
#4453 = CARTESIAN_POINT('',(154.103586,-61.825619,1.585));
#4454 = CIRCLE('',#4455,0.433877569271);
#4455 = AXIS2_PLACEMENT_3D('',#4456,#4457,#4458);
#4456 = CARTESIAN_POINT('',(154.47762980908,-61.60575319091,1.585));
#4457 = DIRECTION('',(0.,0.,-1.));
#4458 = DIRECTION('',(-0.274477911551,-0.961593404756,-0.));
#4459 = ORIENTED_EDGE('',*,*,#4460,.T.);
#4460 = EDGE_CURVE('',#4452,#4461,#4463,.T.);
#4461 = VERTEX_POINT('',#4462);
#4462 = CARTESIAN_POINT('',(154.060411,-61.724863,1.585));
#4463 = LINE('',#4464,#4465);
#4464 = CARTESIAN_POINT('',(154.103586,-61.825619,1.585));
#4465 = VECTOR('',#4466,1.);
#4466 = DIRECTION('',(-0.393871954464,0.91916531891,0.));
#4467 = ORIENTED_EDGE('',*,*,#4468,.T.);
#4468 = EDGE_CURVE('',#4461,#4362,#4469,.T.);
#4469 = LINE('',#4470,#4471);
#4470 = CARTESIAN_POINT('',(154.060411,-61.724863,1.585));
#4471 = VECTOR('',#4472,1.);
#4472 = DIRECTION('',(-0.129632524325,0.991562105285,0.));
#4473 = PLANE('',#4474);
#4474 = AXIS2_PLACEMENT_3D('',#4475,#4476,#4477);
#4475 = CARTESIAN_POINT('',(0.,0.,1.585));
#4476 = DIRECTION('',(0.,0.,1.));
#4477 = DIRECTION('',(1.,0.,-0.));
#4478 = SHELL_BASED_SURFACE_MODEL('',(#4479));
#4479 = OPEN_SHELL('',(#4480));
#4480 = ADVANCED_FACE('',(#4481,#4678),#4776,.T.);
#4481 = FACE_BOUND('',#4482,.F.);
#4482 = EDGE_LOOP('',(#4483,#4493,#4501,#4509,#4518,#4526,#4534,#4542,
    #4550,#4558,#4566,#4574,#4582,#4590,#4598,#4606,#4614,#4622,#4630,
    #4639,#4647,#4655,#4663,#4672));
#4483 = ORIENTED_EDGE('',*,*,#4484,.T.);
#4484 = EDGE_CURVE('',#4485,#4487,#4489,.T.);
#4485 = VERTEX_POINT('',#4486);
#4486 = CARTESIAN_POINT('',(155.351969,-60.019958,1.585));
#4487 = VERTEX_POINT('',#4488);
#4488 = CARTESIAN_POINT('',(155.462797,-60.005399,1.585));
#4489 = LINE('',#4490,#4491);
#4490 = CARTESIAN_POINT('',(155.351969,-60.019958,1.585));
#4491 = VECTOR('',#4492,1.);
#4492 = DIRECTION('',(0.991481617617,0.13024669642,0.));
#4493 = ORIENTED_EDGE('',*,*,#4494,.T.);
#4494 = EDGE_CURVE('',#4487,#4495,#4497,.T.);
#4495 = VERTEX_POINT('',#4496);
#4496 = CARTESIAN_POINT('',(156.678821,-60.005399,1.585));
#4497 = LINE('',#4498,#4499);
#4498 = CARTESIAN_POINT('',(155.462797,-60.005399,1.585));
#4499 = VECTOR('',#4500,1.);
#4500 = DIRECTION('',(1.,0.,0.));
#4501 = ORIENTED_EDGE('',*,*,#4502,.T.);
#4502 = EDGE_CURVE('',#4495,#4503,#4505,.T.);
#4503 = VERTEX_POINT('',#4504);
#4504 = CARTESIAN_POINT('',(156.792542,-60.020029,1.585));
#4505 = LINE('',#4506,#4507);
#4506 = CARTESIAN_POINT('',(156.678821,-60.005399,1.585));
#4507 = VECTOR('',#4508,1.);
#4508 = DIRECTION('',(0.991826143904,-0.1275966311,0.));
#4509 = ORIENTED_EDGE('',*,*,#4510,.T.);
#4510 = EDGE_CURVE('',#4503,#4511,#4513,.T.);
#4511 = VERTEX_POINT('',#4512);
#4512 = CARTESIAN_POINT('',(157.047322,-60.216822,1.585));
#4513 = CIRCLE('',#4514,0.43237444304);
#4514 = AXIS2_PLACEMENT_3D('',#4515,#4516,#4517);
#4515 = CARTESIAN_POINT('',(156.67462561191,-60.43601383676,1.585));
#4516 = DIRECTION('',(0.,0.,-1.));
#4517 = DIRECTION('',(0.272718219088,0.962093952261,0.));
#4518 = ORIENTED_EDGE('',*,*,#4519,.T.);
#4519 = EDGE_CURVE('',#4511,#4520,#4522,.T.);
#4520 = VERTEX_POINT('',#4521);
#4521 = CARTESIAN_POINT('',(157.090502,-60.317407,1.585));
#4522 = LINE('',#4523,#4524);
#4523 = CARTESIAN_POINT('',(157.047322,-60.216822,1.585));
#4524 = VECTOR('',#4525,1.);
#4525 = DIRECTION('',(0.394476026525,-0.918906232701,0.));
#4526 = ORIENTED_EDGE('',*,*,#4527,.T.);
#4527 = EDGE_CURVE('',#4520,#4528,#4530,.T.);
#4528 = VERTEX_POINT('',#4529);
#4529 = CARTESIAN_POINT('',(157.105025,-60.428244,1.585));
#4530 = LINE('',#4531,#4532);
#4531 = CARTESIAN_POINT('',(157.090502,-60.317407,1.585));
#4532 = VECTOR('',#4533,1.);
#4533 = DIRECTION('',(0.129919707086,-0.991524517957,0.));
#4534 = ORIENTED_EDGE('',*,*,#4535,.T.);
#4535 = EDGE_CURVE('',#4528,#4536,#4538,.T.);
#4536 = VERTEX_POINT('',#4537);
#4537 = CARTESIAN_POINT('',(157.105025,-61.162194,1.585));
#4538 = LINE('',#4539,#4540);
#4539 = CARTESIAN_POINT('',(157.105025,-60.428244,1.585));
#4540 = VECTOR('',#4541,1.);
#4541 = DIRECTION('',(0.,-1.,0.));
#4542 = ORIENTED_EDGE('',*,*,#4543,.T.);
#4543 = EDGE_CURVE('',#4536,#4544,#4546,.T.);
#4544 = VERTEX_POINT('',#4545);
#4545 = CARTESIAN_POINT('',(155.326937,-61.162194,1.585));
#4546 = LINE('',#4547,#4548);
#4547 = CARTESIAN_POINT('',(157.105025,-61.162194,1.585));
#4548 = VECTOR('',#4549,1.);
#4549 = DIRECTION('',(-1.,0.,0.));
#4550 = ORIENTED_EDGE('',*,*,#4551,.T.);
#4551 = EDGE_CURVE('',#4544,#4552,#4554,.T.);
#4552 = VERTEX_POINT('',#4553);
#4553 = CARTESIAN_POINT('',(155.326937,-61.612975,1.585));
#4554 = LINE('',#4555,#4556);
#4555 = CARTESIAN_POINT('',(155.326937,-61.162194,1.585));
#4556 = VECTOR('',#4557,1.);
#4557 = DIRECTION('',(0.,-1.,0.));
#4558 = ORIENTED_EDGE('',*,*,#4559,.T.);
#4559 = EDGE_CURVE('',#4552,#4560,#4562,.T.);
#4560 = VERTEX_POINT('',#4561);
#4561 = CARTESIAN_POINT('',(155.336932,-61.665156,1.585));
#4562 = LINE('',#4563,#4564);
#4563 = CARTESIAN_POINT('',(155.326937,-61.612975,1.585));
#4564 = VECTOR('',#4565,1.);
#4565 = DIRECTION('',(0.188124807432,-0.982145130227,0.));
#4566 = ORIENTED_EDGE('',*,*,#4567,.T.);
#4567 = EDGE_CURVE('',#4560,#4568,#4570,.T.);
#4568 = VERTEX_POINT('',#4569);
#4569 = CARTESIAN_POINT('',(155.367084,-61.709756,1.585));
#4570 = LINE('',#4571,#4572);
#4571 = CARTESIAN_POINT('',(155.336932,-61.665156,1.585));
#4572 = VECTOR('',#4573,1.);
#4573 = DIRECTION('',(0.560072467085,-0.828443620057,0.));
#4574 = ORIENTED_EDGE('',*,*,#4575,.T.);
#4575 = EDGE_CURVE('',#4568,#4576,#4578,.T.);
#4576 = VERTEX_POINT('',#4577);
#4577 = CARTESIAN_POINT('',(155.411412,-61.740152,1.585));
#4578 = LINE('',#4579,#4580);
#4579 = CARTESIAN_POINT('',(155.367084,-61.709756,1.585));
#4580 = VECTOR('',#4581,1.);
#4581 = DIRECTION('',(0.824731827016,-0.565524016738,0.));
#4582 = ORIENTED_EDGE('',*,*,#4583,.T.);
#4583 = EDGE_CURVE('',#4576,#4584,#4586,.T.);
#4584 = VERTEX_POINT('',#4585);
#4585 = CARTESIAN_POINT('',(155.463255,-61.750209,1.585));
#4586 = LINE('',#4587,#4588);
#4587 = CARTESIAN_POINT('',(155.411412,-61.740152,1.585));
#4588 = VECTOR('',#4589,1.);
#4589 = DIRECTION('',(0.981698965717,-0.190439336038,0.));
#4590 = ORIENTED_EDGE('',*,*,#4591,.T.);
#4591 = EDGE_CURVE('',#4584,#4592,#4594,.T.);
#4592 = VERTEX_POINT('',#4593);
#4593 = CARTESIAN_POINT('',(157.105025,-61.750209,1.585));
#4594 = LINE('',#4595,#4596);
#4595 = CARTESIAN_POINT('',(155.463255,-61.750209,1.585));
#4596 = VECTOR('',#4597,1.);
#4597 = DIRECTION('',(1.,0.,0.));
#4598 = ORIENTED_EDGE('',*,*,#4599,.T.);
#4599 = EDGE_CURVE('',#4592,#4600,#4602,.T.);
#4600 = VERTEX_POINT('',#4601);
#4601 = CARTESIAN_POINT('',(157.105025,-62.0375,1.585));
#4602 = LINE('',#4603,#4604);
#4603 = CARTESIAN_POINT('',(157.105025,-61.750209,1.585));
#4604 = VECTOR('',#4605,1.);
#4605 = DIRECTION('',(0.,-1.,0.));
#4606 = ORIENTED_EDGE('',*,*,#4607,.T.);
#4607 = EDGE_CURVE('',#4600,#4608,#4610,.T.);
#4608 = VERTEX_POINT('',#4609);
#4609 = CARTESIAN_POINT('',(155.462797,-62.0375,1.585));
#4610 = LINE('',#4611,#4612);
#4611 = CARTESIAN_POINT('',(157.105025,-62.0375,1.585));
#4612 = VECTOR('',#4613,1.);
#4613 = DIRECTION('',(-1.,0.,0.));
#4614 = ORIENTED_EDGE('',*,*,#4615,.T.);
#4615 = EDGE_CURVE('',#4608,#4616,#4618,.T.);
#4616 = VERTEX_POINT('',#4617);
#4617 = CARTESIAN_POINT('',(155.35196,-62.022977,1.585));
#4618 = LINE('',#4619,#4620);
#4619 = CARTESIAN_POINT('',(155.462797,-62.0375,1.585));
#4620 = VECTOR('',#4621,1.);
#4621 = DIRECTION('',(-0.991524517957,0.129919707086,0.));
#4622 = ORIENTED_EDGE('',*,*,#4623,.T.);
#4623 = EDGE_CURVE('',#4616,#4624,#4626,.T.);
#4624 = VERTEX_POINT('',#4625);
#4625 = CARTESIAN_POINT('',(155.251374,-61.979797,1.585));
#4626 = LINE('',#4627,#4628);
#4627 = CARTESIAN_POINT('',(155.35196,-62.022977,1.585));
#4628 = VECTOR('',#4629,1.);
#4629 = DIRECTION('',(-0.918907654289,0.394472715012,0.));
#4630 = ORIENTED_EDGE('',*,*,#4631,.T.);
#4631 = EDGE_CURVE('',#4624,#4632,#4634,.T.);
#4632 = VERTEX_POINT('',#4633);
#4633 = CARTESIAN_POINT('',(155.054476,-61.724733,1.585));
#4634 = CIRCLE('',#4635,0.438928128707);
#4635 = AXIS2_PLACEMENT_3D('',#4636,#4637,#4638);
#4636 = CARTESIAN_POINT('',(155.47611997785,-61.60277293232,1.585));
#4637 = DIRECTION('',(0.,0.,-1.));
#4638 = DIRECTION('',(-0.512033663731,-0.858965381844,-0.));
#4639 = ORIENTED_EDGE('',*,*,#4640,.T.);
#4640 = EDGE_CURVE('',#4632,#4641,#4643,.T.);
#4641 = VERTEX_POINT('',#4642);
#4642 = CARTESIAN_POINT('',(155.039952,-61.613586,1.585));
#4643 = LINE('',#4644,#4645);
#4644 = CARTESIAN_POINT('',(155.054476,-61.724733,1.585));
#4645 = VECTOR('',#4646,1.);
#4646 = DIRECTION('',(-0.129572210799,0.991569988548,0.));
#4647 = ORIENTED_EDGE('',*,*,#4648,.T.);
#4648 = EDGE_CURVE('',#4641,#4649,#4651,.T.);
#4649 = VERTEX_POINT('',#4650);
#4650 = CARTESIAN_POINT('',(155.040032,-60.428702,1.585));
#4651 = LINE('',#4652,#4653);
#4652 = CARTESIAN_POINT('',(155.039952,-61.613586,1.585));
#4653 = VECTOR('',#4654,1.);
#4654 = DIRECTION('',(6.751715764128E-05,0.999999997721,0.));
#4655 = ORIENTED_EDGE('',*,*,#4656,.T.);
#4656 = EDGE_CURVE('',#4649,#4657,#4659,.T.);
#4657 = VERTEX_POINT('',#4658);
#4658 = CARTESIAN_POINT('',(155.05448,-60.318188,1.585));
#4659 = LINE('',#4660,#4661);
#4660 = CARTESIAN_POINT('',(155.040032,-60.428702,1.585));
#4661 = VECTOR('',#4662,1.);
#4662 = DIRECTION('',(0.12963146122,0.99156224427,0.));
#4663 = ORIENTED_EDGE('',*,*,#4664,.T.);
#4664 = EDGE_CURVE('',#4657,#4665,#4667,.T.);
#4665 = VERTEX_POINT('',#4666);
#4666 = CARTESIAN_POINT('',(155.251374,-60.063254,1.585));
#4667 = CIRCLE('',#4668,0.435215412394);
#4668 = AXIS2_PLACEMENT_3D('',#4669,#4670,#4671);
#4669 = CARTESIAN_POINT('',(155.4729185327,-60.43786109445,1.585));
#4670 = DIRECTION('',(0.,0.,-1.));
#4671 = DIRECTION('',(-0.961451549704,0.274974394395,0.));
#4672 = ORIENTED_EDGE('',*,*,#4673,.T.);
#4673 = EDGE_CURVE('',#4665,#4485,#4674,.T.);
#4674 = LINE('',#4675,#4676);
#4675 = CARTESIAN_POINT('',(155.251374,-60.063254,1.585));
#4676 = VECTOR('',#4677,1.);
#4677 = DIRECTION('',(0.918536092445,0.395337130657,0.));
#4678 = FACE_BOUND('',#4679,.F.);
#4679 = EDGE_LOOP('',(#4680,#4690,#4698,#4706,#4714,#4722,#4730,#4738,
    #4746,#4754,#4762,#4770));
#4680 = ORIENTED_EDGE('',*,*,#4681,.T.);
#4681 = EDGE_CURVE('',#4682,#4684,#4686,.T.);
#4682 = VERTEX_POINT('',#4683);
#4683 = CARTESIAN_POINT('',(156.733435,-60.30268,1.585));
#4684 = VERTEX_POINT('',#4685);
#4685 = CARTESIAN_POINT('',(156.681569,-60.29269,1.585));
#4686 = LINE('',#4687,#4688);
#4687 = CARTESIAN_POINT('',(156.733435,-60.30268,1.585));
#4688 = VECTOR('',#4689,1.);
#4689 = DIRECTION('',(-0.981951038806,0.189135288584,0.));
#4690 = ORIENTED_EDGE('',*,*,#4691,.T.);
#4691 = EDGE_CURVE('',#4684,#4692,#4694,.T.);
#4692 = VERTEX_POINT('',#4693);
#4693 = CARTESIAN_POINT('',(155.46356,-60.29269,1.585));
#4694 = LINE('',#4695,#4696);
#4695 = CARTESIAN_POINT('',(156.681569,-60.29269,1.585));
#4696 = VECTOR('',#4697,1.);
#4697 = DIRECTION('',(-1.,0.,0.));
#4698 = ORIENTED_EDGE('',*,*,#4699,.T.);
#4699 = EDGE_CURVE('',#4692,#4700,#4702,.T.);
#4700 = VERTEX_POINT('',#4701);
#4701 = CARTESIAN_POINT('',(155.411563,-60.302687,1.585));
#4702 = LINE('',#4703,#4704);
#4703 = CARTESIAN_POINT('',(155.46356,-60.29269,1.585));
#4704 = VECTOR('',#4705,1.);
#4705 = DIRECTION('',(-0.982014932562,-0.188803263281,0.));
#4706 = ORIENTED_EDGE('',*,*,#4707,.T.);
#4707 = EDGE_CURVE('',#4700,#4708,#4710,.T.);
#4708 = VERTEX_POINT('',#4709);
#4709 = CARTESIAN_POINT('',(155.367237,-60.332837,1.585));
#4710 = LINE('',#4711,#4712);
#4711 = CARTESIAN_POINT('',(155.411563,-60.302687,1.585));
#4712 = VECTOR('',#4713,1.);
#4713 = DIRECTION('',(-0.826854328613,-0.562416144197,0.));
#4714 = ORIENTED_EDGE('',*,*,#4715,.T.);
#4715 = EDGE_CURVE('',#4708,#4716,#4718,.T.);
#4716 = VERTEX_POINT('',#4717);
#4717 = CARTESIAN_POINT('',(155.33697,-60.3769,1.585));
#4718 = LINE('',#4719,#4720);
#4719 = CARTESIAN_POINT('',(155.367237,-60.332837,1.585));
#4720 = VECTOR('',#4721,1.);
#4721 = DIRECTION('',(-0.566194537359,-0.824271645676,0.));
#4722 = ORIENTED_EDGE('',*,*,#4723,.T.);
#4723 = EDGE_CURVE('',#4716,#4724,#4726,.T.);
#4724 = VERTEX_POINT('',#4725);
#4725 = CARTESIAN_POINT('',(155.326937,-60.428702,1.585));
#4726 = LINE('',#4727,#4728);
#4727 = CARTESIAN_POINT('',(155.33697,-60.3769,1.585));
#4728 = VECTOR('',#4729,1.);
#4729 = DIRECTION('',(-0.19014624363,-0.981755777184,0.));
#4730 = ORIENTED_EDGE('',*,*,#4731,.T.);
#4731 = EDGE_CURVE('',#4724,#4732,#4734,.T.);
#4732 = VERTEX_POINT('',#4733);
#4733 = CARTESIAN_POINT('',(155.326937,-60.874904,1.585));
#4734 = LINE('',#4735,#4736);
#4735 = CARTESIAN_POINT('',(155.326937,-60.428702,1.585));
#4736 = VECTOR('',#4737,1.);
#4737 = DIRECTION('',(0.,-1.,0.));
#4738 = ORIENTED_EDGE('',*,*,#4739,.T.);
#4739 = EDGE_CURVE('',#4732,#4740,#4742,.T.);
#4740 = VERTEX_POINT('',#4741);
#4741 = CARTESIAN_POINT('',(156.818039,-60.874904,1.585));
#4742 = LINE('',#4743,#4744);
#4743 = CARTESIAN_POINT('',(155.326937,-60.874904,1.585));
#4744 = VECTOR('',#4745,1.);
#4745 = DIRECTION('',(1.,0.,0.));
#4746 = ORIENTED_EDGE('',*,*,#4747,.T.);
#4747 = EDGE_CURVE('',#4740,#4748,#4750,.T.);
#4748 = VERTEX_POINT('',#4749);
#4749 = CARTESIAN_POINT('',(156.818039,-60.428702,1.585));
#4750 = LINE('',#4751,#4752);
#4751 = CARTESIAN_POINT('',(156.818039,-60.874904,1.585));
#4752 = VECTOR('',#4753,1.);
#4753 = DIRECTION('',(0.,1.,0.));
#4754 = ORIENTED_EDGE('',*,*,#4755,.T.);
#4755 = EDGE_CURVE('',#4748,#4756,#4758,.T.);
#4756 = VERTEX_POINT('',#4757);
#4757 = CARTESIAN_POINT('',(156.808006,-60.3769,1.585));
#4758 = LINE('',#4759,#4760);
#4759 = CARTESIAN_POINT('',(156.818039,-60.428702,1.585));
#4760 = VECTOR('',#4761,1.);
#4761 = DIRECTION('',(-0.190146243629,0.981755777184,0.));
#4762 = ORIENTED_EDGE('',*,*,#4763,.T.);
#4763 = EDGE_CURVE('',#4756,#4764,#4766,.T.);
#4764 = VERTEX_POINT('',#4765);
#4765 = CARTESIAN_POINT('',(156.777739,-60.332837,1.585));
#4766 = LINE('',#4767,#4768);
#4767 = CARTESIAN_POINT('',(156.808006,-60.3769,1.585));
#4768 = VECTOR('',#4769,1.);
#4769 = DIRECTION('',(-0.566194537359,0.824271645675,0.));
#4770 = ORIENTED_EDGE('',*,*,#4771,.T.);
#4771 = EDGE_CURVE('',#4764,#4682,#4772,.T.);
#4772 = LINE('',#4773,#4774);
#4773 = CARTESIAN_POINT('',(156.777739,-60.332837,1.585));
#4774 = VECTOR('',#4775,1.);
#4775 = DIRECTION('',(-0.826663697022,0.562696305324,0.));
#4776 = PLANE('',#4777);
#4777 = AXIS2_PLACEMENT_3D('',#4778,#4779,#4780);
#4778 = CARTESIAN_POINT('',(0.,0.,1.585));
#4779 = DIRECTION('',(0.,0.,1.));
#4780 = DIRECTION('',(1.,0.,-0.));
#4781 = SHELL_BASED_SURFACE_MODEL('',(#4782));
#4782 = OPEN_SHELL('',(#4783));
#4783 = ADVANCED_FACE('',(#4784),#4818,.T.);
#4784 = FACE_BOUND('',#4785,.F.);
#4785 = EDGE_LOOP('',(#4786,#4796,#4804,#4812));
#4786 = ORIENTED_EDGE('',*,*,#4787,.T.);
#4787 = EDGE_CURVE('',#4788,#4790,#4792,.T.);
#4788 = VERTEX_POINT('',#4789);
#4789 = CARTESIAN_POINT('',(151.083217,-59.628349,1.585));
#4790 = VERTEX_POINT('',#4791);
#4791 = CARTESIAN_POINT('',(151.083217,-59.341058,1.585));
#4792 = LINE('',#4793,#4794);
#4793 = CARTESIAN_POINT('',(151.083217,-59.628349,1.585));
#4794 = VECTOR('',#4795,1.);
#4795 = DIRECTION('',(0.,1.,0.));
#4796 = ORIENTED_EDGE('',*,*,#4797,.T.);
#4797 = EDGE_CURVE('',#4790,#4798,#4800,.T.);
#4798 = VERTEX_POINT('',#4799);
#4799 = CARTESIAN_POINT('',(151.370203,-59.341058,1.585));
#4800 = LINE('',#4801,#4802);
#4801 = CARTESIAN_POINT('',(151.083217,-59.341058,1.585));
#4802 = VECTOR('',#4803,1.);
#4803 = DIRECTION('',(1.,0.,0.));
#4804 = ORIENTED_EDGE('',*,*,#4805,.T.);
#4805 = EDGE_CURVE('',#4798,#4806,#4808,.T.);
#4806 = VERTEX_POINT('',#4807);
#4807 = CARTESIAN_POINT('',(151.370203,-59.628349,1.585));
#4808 = LINE('',#4809,#4810);
#4809 = CARTESIAN_POINT('',(151.370203,-59.341058,1.585));
#4810 = VECTOR('',#4811,1.);
#4811 = DIRECTION('',(0.,-1.,0.));
#4812 = ORIENTED_EDGE('',*,*,#4813,.T.);
#4813 = EDGE_CURVE('',#4806,#4788,#4814,.T.);
#4814 = LINE('',#4815,#4816);
#4815 = CARTESIAN_POINT('',(151.370203,-59.628349,1.585));
#4816 = VECTOR('',#4817,1.);
#4817 = DIRECTION('',(-1.,0.,0.));
#4818 = PLANE('',#4819);
#4819 = AXIS2_PLACEMENT_3D('',#4820,#4821,#4822);
#4820 = CARTESIAN_POINT('',(0.,0.,1.585));
#4821 = DIRECTION('',(0.,0.,1.));
#4822 = DIRECTION('',(1.,0.,-0.));
#4823 = ( GEOMETRIC_REPRESENTATION_CONTEXT(3) 
GLOBAL_UNCERTAINTY_ASSIGNED_CONTEXT((#4827)) 
GLOBAL_UNIT_ASSIGNED_CONTEXT((#4824,#4825,#4826)) REPRESENTATION_CONTEXT
('Context #1','3D Context with UNIT and UNCERTAINTY') );
#4824 = ( LENGTH_UNIT() NAMED_UNIT(*) SI_UNIT(.MILLI.,.METRE.) );
#4825 = ( NAMED_UNIT(*) PLANE_ANGLE_UNIT() SI_UNIT($,.RADIAN.) );
#4826 = ( NAMED_UNIT(*) SI_UNIT($,.STERADIAN.) SOLID_ANGLE_UNIT() );
#4827 = UNCERTAINTY_MEASURE_WITH_UNIT(LENGTH_MEASURE(1.E-07),#4824,
  'distance_accuracy_value','confusion accuracy');
#4828 = CONTEXT_DEPENDENT_SHAPE_REPRESENTATION(#4829,#4831);
#4829 = ( REPRESENTATION_RELATIONSHIP('','',#786,#10) 
REPRESENTATION_RELATIONSHIP_WITH_TRANSFORMATION(#4830) 
SHAPE_REPRESENTATION_RELATIONSHIP() );
#4830 = ITEM_DEFINED_TRANSFORMATION('','',#11,#19);
#4831 = PRODUCT_DEFINITION_SHAPE('Placement','Placement of an item',
  #4832);
#4832 = NEXT_ASSEMBLY_USAGE_OCCURRENCE('2','=>[0:1:1:3]','',#5,#781,$);
#4833 = PRODUCT_RELATED_PRODUCT_CATEGORY('part',$,(#783));
#4834 = SHAPE_DEFINITION_REPRESENTATION(#4835,#4841);
#4835 = PRODUCT_DEFINITION_SHAPE('','',#4836);
#4836 = PRODUCT_DEFINITION('design','',#4837,#4840);
#4837 = PRODUCT_DEFINITION_FORMATION('','',#4838);
#4838 = PRODUCT('MultipleFaceplate-unsaved-export-87vEoI_soldermask',
  'MultipleFaceplate-unsaved-export-87vEoI_soldermask','',(#4839));
#4839 = PRODUCT_CONTEXT('',#2,'mechanical');
#4840 = PRODUCT_DEFINITION_CONTEXT('part definition',#2,'design');
#4841 = MANIFOLD_SURFACE_SHAPE_REPRESENTATION('',(#11,#4842),#5005);
#4842 = SHELL_BASED_SURFACE_MODEL('',(#4843));
#4843 = OPEN_SHELL('',(#4844));
#4844 = ADVANCED_FACE('',(#4845,#4879,#4890,#4901,#4912,#4923,#4934,
    #4945,#4956,#4967,#4978,#4989),#5000,.T.);
#4845 = FACE_BOUND('',#4846,.F.);
#4846 = EDGE_LOOP('',(#4847,#4857,#4865,#4873));
#4847 = ORIENTED_EDGE('',*,*,#4848,.T.);
#4848 = EDGE_CURVE('',#4849,#4851,#4853,.T.);
#4849 = VERTEX_POINT('',#4850);
#4850 = CARTESIAN_POINT('',(142.5,-181.25,1.56));
#4851 = VERTEX_POINT('',#4852);
#4852 = CARTESIAN_POINT('',(142.5,-52.749999,1.56));
#4853 = LINE('',#4854,#4855);
#4854 = CARTESIAN_POINT('',(142.5,-181.25,1.56));
#4855 = VECTOR('',#4856,1.);
#4856 = DIRECTION('',(0.,1.,0.));
#4857 = ORIENTED_EDGE('',*,*,#4858,.T.);
#4858 = EDGE_CURVE('',#4851,#4859,#4861,.T.);
#4859 = VERTEX_POINT('',#4860);
#4860 = CARTESIAN_POINT('',(157.5,-52.749999,1.56));
#4861 = LINE('',#4862,#4863);
#4862 = CARTESIAN_POINT('',(142.5,-52.749999,1.56));
#4863 = VECTOR('',#4864,1.);
#4864 = DIRECTION('',(1.,0.,0.));
#4865 = ORIENTED_EDGE('',*,*,#4866,.T.);
#4866 = EDGE_CURVE('',#4859,#4867,#4869,.T.);
#4867 = VERTEX_POINT('',#4868);
#4868 = CARTESIAN_POINT('',(157.5,-181.25,1.56));
#4869 = LINE('',#4870,#4871);
#4870 = CARTESIAN_POINT('',(157.5,-52.749999,1.56));
#4871 = VECTOR('',#4872,1.);
#4872 = DIRECTION('',(0.,-1.,0.));
#4873 = ORIENTED_EDGE('',*,*,#4874,.T.);
#4874 = EDGE_CURVE('',#4867,#4849,#4875,.T.);
#4875 = LINE('',#4876,#4877);
#4876 = CARTESIAN_POINT('',(157.5,-181.25,1.56));
#4877 = VECTOR('',#4878,1.);
#4878 = DIRECTION('',(-1.,0.,0.));
#4879 = FACE_BOUND('',#4880,.F.);
#4880 = EDGE_LOOP('',(#4881));
#4881 = ORIENTED_EDGE('',*,*,#4882,.T.);
#4882 = EDGE_CURVE('',#4883,#4883,#4885,.T.);
#4883 = VERTEX_POINT('',#4884);
#4884 = CARTESIAN_POINT('',(151.651,-178.25,1.56));
#4885 = CIRCLE('',#4886,1.651);
#4886 = AXIS2_PLACEMENT_3D('',#4887,#4888,#4889);
#4887 = CARTESIAN_POINT('',(150.,-178.25,1.56));
#4888 = DIRECTION('',(0.,0.,1.));
#4889 = DIRECTION('',(1.,0.,-0.));
#4890 = FACE_BOUND('',#4891,.F.);
#4891 = EDGE_LOOP('',(#4892));
#4892 = ORIENTED_EDGE('',*,*,#4893,.T.);
#4893 = EDGE_CURVE('',#4894,#4894,#4896,.T.);
#4894 = VERTEX_POINT('',#4895);
#4895 = CARTESIAN_POINT('',(153.050999,-162.,1.56));
#4896 = CIRCLE('',#4897,3.050999);
#4897 = AXIS2_PLACEMENT_3D('',#4898,#4899,#4900);
#4898 = CARTESIAN_POINT('',(150.,-162.,1.56));
#4899 = DIRECTION('',(0.,0.,1.));
#4900 = DIRECTION('',(1.,0.,-0.));
#4901 = FACE_BOUND('',#4902,.F.);
#4902 = EDGE_LOOP('',(#4903));
#4903 = ORIENTED_EDGE('',*,*,#4904,.T.);
#4904 = EDGE_CURVE('',#4905,#4905,#4907,.T.);
#4905 = VERTEX_POINT('',#4906);
#4906 = CARTESIAN_POINT('',(153.050999,-150.,1.56));
#4907 = CIRCLE('',#4908,3.050999);
#4908 = AXIS2_PLACEMENT_3D('',#4909,#4910,#4911);
#4909 = CARTESIAN_POINT('',(150.,-150.,1.56));
#4910 = DIRECTION('',(0.,0.,1.));
#4911 = DIRECTION('',(1.,0.,-0.));
#4912 = FACE_BOUND('',#4913,.F.);
#4913 = EDGE_LOOP('',(#4914));
#4914 = ORIENTED_EDGE('',*,*,#4915,.T.);
#4915 = EDGE_CURVE('',#4916,#4916,#4918,.T.);
#4916 = VERTEX_POINT('',#4917);
#4917 = CARTESIAN_POINT('',(153.050999,-138.,1.56));
#4918 = CIRCLE('',#4919,3.050999);
#4919 = AXIS2_PLACEMENT_3D('',#4920,#4921,#4922);
#4920 = CARTESIAN_POINT('',(150.,-138.,1.56));
#4921 = DIRECTION('',(0.,0.,1.));
#4922 = DIRECTION('',(1.,0.,-0.));
#4923 = FACE_BOUND('',#4924,.F.);
#4924 = EDGE_LOOP('',(#4925));
#4925 = ORIENTED_EDGE('',*,*,#4926,.T.);
#4926 = EDGE_CURVE('',#4927,#4927,#4929,.T.);
#4927 = VERTEX_POINT('',#4928);
#4928 = CARTESIAN_POINT('',(153.050999,-126.,1.56));
#4929 = CIRCLE('',#4930,3.050999);
#4930 = AXIS2_PLACEMENT_3D('',#4931,#4932,#4933);
#4931 = CARTESIAN_POINT('',(150.,-126.,1.56));
#4932 = DIRECTION('',(0.,0.,1.));
#4933 = DIRECTION('',(1.,0.,-0.));
#4934 = FACE_BOUND('',#4935,.F.);
#4935 = EDGE_LOOP('',(#4936));
#4936 = ORIENTED_EDGE('',*,*,#4937,.T.);
#4937 = EDGE_CURVE('',#4938,#4938,#4940,.T.);
#4938 = VERTEX_POINT('',#4939);
#4939 = CARTESIAN_POINT('',(153.301,-117.,1.56));
#4940 = CIRCLE('',#4941,3.301);
#4941 = AXIS2_PLACEMENT_3D('',#4942,#4943,#4944);
#4942 = CARTESIAN_POINT('',(150.,-117.,1.56));
#4943 = DIRECTION('',(0.,0.,1.));
#4944 = DIRECTION('',(1.,0.,-0.));
#4945 = FACE_BOUND('',#4946,.F.);
#4946 = EDGE_LOOP('',(#4947));
#4947 = ORIENTED_EDGE('',*,*,#4948,.T.);
#4948 = EDGE_CURVE('',#4949,#4949,#4951,.T.);
#4949 = VERTEX_POINT('',#4950);
#4950 = CARTESIAN_POINT('',(153.050999,-108.,1.56));
#4951 = CIRCLE('',#4952,3.050999);
#4952 = AXIS2_PLACEMENT_3D('',#4953,#4954,#4955);
#4953 = CARTESIAN_POINT('',(150.,-108.,1.56));
#4954 = DIRECTION('',(0.,0.,1.));
#4955 = DIRECTION('',(1.,0.,-0.));
#4956 = FACE_BOUND('',#4957,.F.);
#4957 = EDGE_LOOP('',(#4958));
#4958 = ORIENTED_EDGE('',*,*,#4959,.T.);
#4959 = EDGE_CURVE('',#4960,#4960,#4962,.T.);
#4960 = VERTEX_POINT('',#4961);
#4961 = CARTESIAN_POINT('',(153.050999,-96.,1.56));
#4962 = CIRCLE('',#4963,3.050999);
#4963 = AXIS2_PLACEMENT_3D('',#4964,#4965,#4966);
#4964 = CARTESIAN_POINT('',(150.,-96.,1.56));
#4965 = DIRECTION('',(0.,0.,1.));
#4966 = DIRECTION('',(1.,0.,-0.));
#4967 = FACE_BOUND('',#4968,.F.);
#4968 = EDGE_LOOP('',(#4969));
#4969 = ORIENTED_EDGE('',*,*,#4970,.T.);
#4970 = EDGE_CURVE('',#4971,#4971,#4973,.T.);
#4971 = VERTEX_POINT('',#4972);
#4972 = CARTESIAN_POINT('',(153.050999,-84.,1.56));
#4973 = CIRCLE('',#4974,3.050999);
#4974 = AXIS2_PLACEMENT_3D('',#4975,#4976,#4977);
#4975 = CARTESIAN_POINT('',(150.,-84.,1.56));
#4976 = DIRECTION('',(0.,0.,1.));
#4977 = DIRECTION('',(1.,0.,-0.));
#4978 = FACE_BOUND('',#4979,.F.);
#4979 = EDGE_LOOP('',(#4980));
#4980 = ORIENTED_EDGE('',*,*,#4981,.T.);
#4981 = EDGE_CURVE('',#4982,#4982,#4984,.T.);
#4982 = VERTEX_POINT('',#4983);
#4983 = CARTESIAN_POINT('',(153.050999,-72.,1.56));
#4984 = CIRCLE('',#4985,3.050999);
#4985 = AXIS2_PLACEMENT_3D('',#4986,#4987,#4988);
#4986 = CARTESIAN_POINT('',(150.,-72.,1.56));
#4987 = DIRECTION('',(0.,0.,1.));
#4988 = DIRECTION('',(1.,0.,-0.));
#4989 = FACE_BOUND('',#4990,.F.);
#4990 = EDGE_LOOP('',(#4991));
#4991 = ORIENTED_EDGE('',*,*,#4992,.T.);
#4992 = EDGE_CURVE('',#4993,#4993,#4995,.T.);
#4993 = VERTEX_POINT('',#4994);
#4994 = CARTESIAN_POINT('',(151.651,-55.75,1.56));
#4995 = CIRCLE('',#4996,1.651);
#4996 = AXIS2_PLACEMENT_3D('',#4997,#4998,#4999);
#4997 = CARTESIAN_POINT('',(150.,-55.75,1.56));
#4998 = DIRECTION('',(0.,0.,1.));
#4999 = DIRECTION('',(1.,0.,-0.));
#5000 = PLANE('',#5001);
#5001 = AXIS2_PLACEMENT_3D('',#5002,#5003,#5004);
#5002 = CARTESIAN_POINT('',(0.,0.,1.56));
#5003 = DIRECTION('',(0.,0.,1.));
#5004 = DIRECTION('',(1.,0.,-0.));
#5005 = ( GEOMETRIC_REPRESENTATION_CONTEXT(3) 
GLOBAL_UNCERTAINTY_ASSIGNED_CONTEXT((#5009)) 
GLOBAL_UNIT_ASSIGNED_CONTEXT((#5006,#5007,#5008)) REPRESENTATION_CONTEXT
('Context #1','3D Context with UNIT and UNCERTAINTY') );
#5006 = ( LENGTH_UNIT() NAMED_UNIT(*) SI_UNIT(.MILLI.,.METRE.) );
#5007 = ( NAMED_UNIT(*) PLANE_ANGLE_UNIT() SI_UNIT($,.RADIAN.) );
#5008 = ( NAMED_UNIT(*) SI_UNIT($,.STERADIAN.) SOLID_ANGLE_UNIT() );
#5009 = UNCERTAINTY_MEASURE_WITH_UNIT(LENGTH_MEASURE(1.E-07),#5006,
  'distance_accuracy_value','confusion accuracy');
#5010 = CONTEXT_DEPENDENT_SHAPE_REPRESENTATION(#5011,#5013);
#5011 = ( REPRESENTATION_RELATIONSHIP('','',#4841,#10) 
REPRESENTATION_RELATIONSHIP_WITH_TRANSFORMATION(#5012) 
SHAPE_REPRESENTATION_RELATIONSHIP() );
#5012 = ITEM_DEFINED_TRANSFORMATION('','',#11,#23);
#5013 = PRODUCT_DEFINITION_SHAPE('Placement','Placement of an item',
  #5014);
#5014 = NEXT_ASSEMBLY_USAGE_OCCURRENCE('3','=>[0:1:1:4]','',#5,#4836,$);
#5015 = PRODUCT_RELATED_PRODUCT_CATEGORY('part',$,(#4838));
#5016 = SHAPE_DEFINITION_REPRESENTATION(#5017,#5023);
#5017 = PRODUCT_DEFINITION_SHAPE('','',#5018);
#5018 = PRODUCT_DEFINITION('design','',#5019,#5022);
#5019 = PRODUCT_DEFINITION_FORMATION('','',#5020);
#5020 = PRODUCT('MultipleFaceplate-unsaved-export-87vEoI_soldermask',
  'MultipleFaceplate-unsaved-export-87vEoI_soldermask','',(#5021));
#5021 = PRODUCT_CONTEXT('',#2,'mechanical');
#5022 = PRODUCT_DEFINITION_CONTEXT('part definition',#2,'design');
#5023 = MANIFOLD_SURFACE_SHAPE_REPRESENTATION('',(#11,#5024),#5187);
#5024 = SHELL_BASED_SURFACE_MODEL('',(#5025));
#5025 = OPEN_SHELL('',(#5026));
#5026 = ADVANCED_FACE('',(#5027,#5061,#5072,#5083,#5094,#5105,#5116,
    #5127,#5138,#5149,#5160,#5171),#5182,.T.);
#5027 = FACE_BOUND('',#5028,.T.);
#5028 = EDGE_LOOP('',(#5029,#5039,#5047,#5055));
#5029 = ORIENTED_EDGE('',*,*,#5030,.T.);
#5030 = EDGE_CURVE('',#5031,#5033,#5035,.T.);
#5031 = VERTEX_POINT('',#5032);
#5032 = CARTESIAN_POINT('',(142.5,-181.25,-5.E-02));
#5033 = VERTEX_POINT('',#5034);
#5034 = CARTESIAN_POINT('',(142.5,-52.749999,-5.E-02));
#5035 = LINE('',#5036,#5037);
#5036 = CARTESIAN_POINT('',(142.5,-181.25,-5.E-02));
#5037 = VECTOR('',#5038,1.);
#5038 = DIRECTION('',(0.,1.,0.));
#5039 = ORIENTED_EDGE('',*,*,#5040,.T.);
#5040 = EDGE_CURVE('',#5033,#5041,#5043,.T.);
#5041 = VERTEX_POINT('',#5042);
#5042 = CARTESIAN_POINT('',(157.5,-52.749999,-5.E-02));
#5043 = LINE('',#5044,#5045);
#5044 = CARTESIAN_POINT('',(142.5,-52.749999,-5.E-02));
#5045 = VECTOR('',#5046,1.);
#5046 = DIRECTION('',(1.,0.,0.));
#5047 = ORIENTED_EDGE('',*,*,#5048,.T.);
#5048 = EDGE_CURVE('',#5041,#5049,#5051,.T.);
#5049 = VERTEX_POINT('',#5050);
#5050 = CARTESIAN_POINT('',(157.5,-181.25,-5.E-02));
#5051 = LINE('',#5052,#5053);
#5052 = CARTESIAN_POINT('',(157.5,-52.749999,-5.E-02));
#5053 = VECTOR('',#5054,1.);
#5054 = DIRECTION('',(0.,-1.,0.));
#5055 = ORIENTED_EDGE('',*,*,#5056,.T.);
#5056 = EDGE_CURVE('',#5049,#5031,#5057,.T.);
#5057 = LINE('',#5058,#5059);
#5058 = CARTESIAN_POINT('',(157.5,-181.25,-5.E-02));
#5059 = VECTOR('',#5060,1.);
#5060 = DIRECTION('',(-1.,0.,0.));
#5061 = FACE_BOUND('',#5062,.T.);
#5062 = EDGE_LOOP('',(#5063));
#5063 = ORIENTED_EDGE('',*,*,#5064,.T.);
#5064 = EDGE_CURVE('',#5065,#5065,#5067,.T.);
#5065 = VERTEX_POINT('',#5066);
#5066 = CARTESIAN_POINT('',(151.651,-178.25,-5.E-02));
#5067 = CIRCLE('',#5068,1.651);
#5068 = AXIS2_PLACEMENT_3D('',#5069,#5070,#5071);
#5069 = CARTESIAN_POINT('',(150.,-178.25,-5.E-02));
#5070 = DIRECTION('',(0.,0.,1.));
#5071 = DIRECTION('',(1.,0.,-0.));
#5072 = FACE_BOUND('',#5073,.T.);
#5073 = EDGE_LOOP('',(#5074));
#5074 = ORIENTED_EDGE('',*,*,#5075,.T.);
#5075 = EDGE_CURVE('',#5076,#5076,#5078,.T.);
#5076 = VERTEX_POINT('',#5077);
#5077 = CARTESIAN_POINT('',(153.050999,-162.,-5.E-02));
#5078 = CIRCLE('',#5079,3.050999);
#5079 = AXIS2_PLACEMENT_3D('',#5080,#5081,#5082);
#5080 = CARTESIAN_POINT('',(150.,-162.,-5.E-02));
#5081 = DIRECTION('',(0.,0.,1.));
#5082 = DIRECTION('',(1.,0.,-0.));
#5083 = FACE_BOUND('',#5084,.T.);
#5084 = EDGE_LOOP('',(#5085));
#5085 = ORIENTED_EDGE('',*,*,#5086,.T.);
#5086 = EDGE_CURVE('',#5087,#5087,#5089,.T.);
#5087 = VERTEX_POINT('',#5088);
#5088 = CARTESIAN_POINT('',(153.050999,-150.,-5.E-02));
#5089 = CIRCLE('',#5090,3.050999);
#5090 = AXIS2_PLACEMENT_3D('',#5091,#5092,#5093);
#5091 = CARTESIAN_POINT('',(150.,-150.,-5.E-02));
#5092 = DIRECTION('',(0.,0.,1.));
#5093 = DIRECTION('',(1.,0.,-0.));
#5094 = FACE_BOUND('',#5095,.T.);
#5095 = EDGE_LOOP('',(#5096));
#5096 = ORIENTED_EDGE('',*,*,#5097,.T.);
#5097 = EDGE_CURVE('',#5098,#5098,#5100,.T.);
#5098 = VERTEX_POINT('',#5099);
#5099 = CARTESIAN_POINT('',(153.050999,-138.,-5.E-02));
#5100 = CIRCLE('',#5101,3.050999);
#5101 = AXIS2_PLACEMENT_3D('',#5102,#5103,#5104);
#5102 = CARTESIAN_POINT('',(150.,-138.,-5.E-02));
#5103 = DIRECTION('',(0.,0.,1.));
#5104 = DIRECTION('',(1.,0.,-0.));
#5105 = FACE_BOUND('',#5106,.T.);
#5106 = EDGE_LOOP('',(#5107));
#5107 = ORIENTED_EDGE('',*,*,#5108,.T.);
#5108 = EDGE_CURVE('',#5109,#5109,#5111,.T.);
#5109 = VERTEX_POINT('',#5110);
#5110 = CARTESIAN_POINT('',(153.050999,-126.,-5.E-02));
#5111 = CIRCLE('',#5112,3.050999);
#5112 = AXIS2_PLACEMENT_3D('',#5113,#5114,#5115);
#5113 = CARTESIAN_POINT('',(150.,-126.,-5.E-02));
#5114 = DIRECTION('',(0.,0.,1.));
#5115 = DIRECTION('',(1.,0.,-0.));
#5116 = FACE_BOUND('',#5117,.T.);
#5117 = EDGE_LOOP('',(#5118));
#5118 = ORIENTED_EDGE('',*,*,#5119,.T.);
#5119 = EDGE_CURVE('',#5120,#5120,#5122,.T.);
#5120 = VERTEX_POINT('',#5121);
#5121 = CARTESIAN_POINT('',(153.301,-117.,-5.E-02));
#5122 = CIRCLE('',#5123,3.301);
#5123 = AXIS2_PLACEMENT_3D('',#5124,#5125,#5126);
#5124 = CARTESIAN_POINT('',(150.,-117.,-5.E-02));
#5125 = DIRECTION('',(0.,0.,1.));
#5126 = DIRECTION('',(1.,0.,-0.));
#5127 = FACE_BOUND('',#5128,.T.);
#5128 = EDGE_LOOP('',(#5129));
#5129 = ORIENTED_EDGE('',*,*,#5130,.T.);
#5130 = EDGE_CURVE('',#5131,#5131,#5133,.T.);
#5131 = VERTEX_POINT('',#5132);
#5132 = CARTESIAN_POINT('',(153.050999,-108.,-5.E-02));
#5133 = CIRCLE('',#5134,3.050999);
#5134 = AXIS2_PLACEMENT_3D('',#5135,#5136,#5137);
#5135 = CARTESIAN_POINT('',(150.,-108.,-5.E-02));
#5136 = DIRECTION('',(0.,0.,1.));
#5137 = DIRECTION('',(1.,0.,-0.));
#5138 = FACE_BOUND('',#5139,.T.);
#5139 = EDGE_LOOP('',(#5140));
#5140 = ORIENTED_EDGE('',*,*,#5141,.T.);
#5141 = EDGE_CURVE('',#5142,#5142,#5144,.T.);
#5142 = VERTEX_POINT('',#5143);
#5143 = CARTESIAN_POINT('',(153.050999,-96.,-5.E-02));
#5144 = CIRCLE('',#5145,3.050999);
#5145 = AXIS2_PLACEMENT_3D('',#5146,#5147,#5148);
#5146 = CARTESIAN_POINT('',(150.,-96.,-5.E-02));
#5147 = DIRECTION('',(0.,0.,1.));
#5148 = DIRECTION('',(1.,0.,-0.));
#5149 = FACE_BOUND('',#5150,.T.);
#5150 = EDGE_LOOP('',(#5151));
#5151 = ORIENTED_EDGE('',*,*,#5152,.T.);
#5152 = EDGE_CURVE('',#5153,#5153,#5155,.T.);
#5153 = VERTEX_POINT('',#5154);
#5154 = CARTESIAN_POINT('',(153.050999,-84.,-5.E-02));
#5155 = CIRCLE('',#5156,3.050999);
#5156 = AXIS2_PLACEMENT_3D('',#5157,#5158,#5159);
#5157 = CARTESIAN_POINT('',(150.,-84.,-5.E-02));
#5158 = DIRECTION('',(0.,0.,1.));
#5159 = DIRECTION('',(1.,0.,-0.));
#5160 = FACE_BOUND('',#5161,.T.);
#5161 = EDGE_LOOP('',(#5162));
#5162 = ORIENTED_EDGE('',*,*,#5163,.T.);
#5163 = EDGE_CURVE('',#5164,#5164,#5166,.T.);
#5164 = VERTEX_POINT('',#5165);
#5165 = CARTESIAN_POINT('',(153.050999,-72.,-5.E-02));
#5166 = CIRCLE('',#5167,3.050999);
#5167 = AXIS2_PLACEMENT_3D('',#5168,#5169,#5170);
#5168 = CARTESIAN_POINT('',(150.,-72.,-5.E-02));
#5169 = DIRECTION('',(0.,0.,1.));
#5170 = DIRECTION('',(1.,0.,-0.));
#5171 = FACE_BOUND('',#5172,.T.);
#5172 = EDGE_LOOP('',(#5173));
#5173 = ORIENTED_EDGE('',*,*,#5174,.T.);
#5174 = EDGE_CURVE('',#5175,#5175,#5177,.T.);
#5175 = VERTEX_POINT('',#5176);
#5176 = CARTESIAN_POINT('',(151.651,-55.75,-5.E-02));
#5177 = CIRCLE('',#5178,1.651);
#5178 = AXIS2_PLACEMENT_3D('',#5179,#5180,#5181);
#5179 = CARTESIAN_POINT('',(150.,-55.75,-5.E-02));
#5180 = DIRECTION('',(0.,0.,1.));
#5181 = DIRECTION('',(1.,0.,-0.));
#5182 = PLANE('',#5183);
#5183 = AXIS2_PLACEMENT_3D('',#5184,#5185,#5186);
#5184 = CARTESIAN_POINT('',(0.,0.,-5.E-02));
#5185 = DIRECTION('',(-0.,-0.,-1.));
#5186 = DIRECTION('',(-1.,0.,0.));
#5187 = ( GEOMETRIC_REPRESENTATION_CONTEXT(3) 
GLOBAL_UNCERTAINTY_ASSIGNED_CONTEXT((#5191)) 
GLOBAL_UNIT_ASSIGNED_CONTEXT((#5188,#5189,#5190)) REPRESENTATION_CONTEXT
('Context #1','3D Context with UNIT and UNCERTAINTY') );
#5188 = ( LENGTH_UNIT() NAMED_UNIT(*) SI_UNIT(.MILLI.,.METRE.) );
#5189 = ( NAMED_UNIT(*) PLANE_ANGLE_UNIT() SI_UNIT($,.RADIAN.) );
#5190 = ( NAMED_UNIT(*) SI_UNIT($,.STERADIAN.) SOLID_ANGLE_UNIT() );
#5191 = UNCERTAINTY_MEASURE_WITH_UNIT(LENGTH_MEASURE(1.E-07),#5188,
  'distance_accuracy_value','confusion accuracy');
#5192 = CONTEXT_DEPENDENT_SHAPE_REPRESENTATION(#5193,#5195);
#5193 = ( REPRESENTATION_RELATIONSHIP('','',#5023,#10) 
REPRESENTATION_RELATIONSHIP_WITH_TRANSFORMATION(#5194) 
SHAPE_REPRESENTATION_RELATIONSHIP() );
#5194 = ITEM_DEFINED_TRANSFORMATION('','',#11,#27);
#5195 = PRODUCT_DEFINITION_SHAPE('Placement','Placement of an item',
  #5196);
#5196 = NEXT_ASSEMBLY_USAGE_OCCURRENCE('4','=>[0:1:1:5]','',#5,#5018,$);
#5197 = PRODUCT_RELATED_PRODUCT_CATEGORY('part',$,(#5020));
#5198 = SHAPE_DEFINITION_REPRESENTATION(#5199,#5205);
#5199 = PRODUCT_DEFINITION_SHAPE('','',#5200);
#5200 = PRODUCT_DEFINITION('design','',#5201,#5204);
#5201 = PRODUCT_DEFINITION_FORMATION('','',#5202);
#5202 = PRODUCT('MultipleFaceplate-unsaved-export-87vEoI_PCB',
  'MultipleFaceplate-unsaved-export-87vEoI_PCB','',(#5203));
#5203 = PRODUCT_CONTEXT('',#2,'mechanical');
#5204 = PRODUCT_DEFINITION_CONTEXT('part definition',#2,'design');
#5205 = ADVANCED_BREP_SHAPE_REPRESENTATION('',(#11,#5206),#5785);
#5206 = MANIFOLD_SOLID_BREP('',#5207);
#5207 = CLOSED_SHELL('',(#5208,#5248,#5279,#5310,#5448,#5586,#5598,#5615
    ,#5632,#5649,#5666,#5683,#5700,#5717,#5734,#5751,#5768));
#5208 = ADVANCED_FACE('',(#5209),#5243,.T.);
#5209 = FACE_BOUND('',#5210,.T.);
#5210 = EDGE_LOOP('',(#5211,#5221,#5229,#5237));
#5211 = ORIENTED_EDGE('',*,*,#5212,.T.);
#5212 = EDGE_CURVE('',#5213,#5215,#5217,.T.);
#5213 = VERTEX_POINT('',#5214);
#5214 = CARTESIAN_POINT('',(157.5,-181.25,0.));
#5215 = VERTEX_POINT('',#5216);
#5216 = CARTESIAN_POINT('',(157.5,-181.25,1.51));
#5217 = LINE('',#5218,#5219);
#5218 = CARTESIAN_POINT('',(157.5,-181.25,0.));
#5219 = VECTOR('',#5220,1.);
#5220 = DIRECTION('',(0.,0.,1.));
#5221 = ORIENTED_EDGE('',*,*,#5222,.T.);
#5222 = EDGE_CURVE('',#5215,#5223,#5225,.T.);
#5223 = VERTEX_POINT('',#5224);
#5224 = CARTESIAN_POINT('',(142.5,-181.25,1.51));
#5225 = LINE('',#5226,#5227);
#5226 = CARTESIAN_POINT('',(157.5,-181.25,1.51));
#5227 = VECTOR('',#5228,1.);
#5228 = DIRECTION('',(-1.,0.,0.));
#5229 = ORIENTED_EDGE('',*,*,#5230,.F.);
#5230 = EDGE_CURVE('',#5231,#5223,#5233,.T.);
#5231 = VERTEX_POINT('',#5232);
#5232 = CARTESIAN_POINT('',(142.5,-181.25,0.));
#5233 = LINE('',#5234,#5235);
#5234 = CARTESIAN_POINT('',(142.5,-181.25,0.));
#5235 = VECTOR('',#5236,1.);
#5236 = DIRECTION('',(0.,0.,1.));
#5237 = ORIENTED_EDGE('',*,*,#5238,.F.);
#5238 = EDGE_CURVE('',#5213,#5231,#5239,.T.);
#5239 = LINE('',#5240,#5241);
#5240 = CARTESIAN_POINT('',(157.5,-181.25,0.));
#5241 = VECTOR('',#5242,1.);
#5242 = DIRECTION('',(-1.,0.,0.));
#5243 = PLANE('',#5244);
#5244 = AXIS2_PLACEMENT_3D('',#5245,#5246,#5247);
#5245 = CARTESIAN_POINT('',(157.5,-181.25,0.));
#5246 = DIRECTION('',(0.,-1.,0.));
#5247 = DIRECTION('',(-1.,0.,0.));
#5248 = ADVANCED_FACE('',(#5249),#5274,.T.);
#5249 = FACE_BOUND('',#5250,.T.);
#5250 = EDGE_LOOP('',(#5251,#5261,#5267,#5268));
#5251 = ORIENTED_EDGE('',*,*,#5252,.T.);
#5252 = EDGE_CURVE('',#5253,#5255,#5257,.T.);
#5253 = VERTEX_POINT('',#5254);
#5254 = CARTESIAN_POINT('',(157.5,-52.749999,0.));
#5255 = VERTEX_POINT('',#5256);
#5256 = CARTESIAN_POINT('',(157.5,-52.749999,1.51));
#5257 = LINE('',#5258,#5259);
#5258 = CARTESIAN_POINT('',(157.5,-52.749999,0.));
#5259 = VECTOR('',#5260,1.);
#5260 = DIRECTION('',(0.,0.,1.));
#5261 = ORIENTED_EDGE('',*,*,#5262,.T.);
#5262 = EDGE_CURVE('',#5255,#5215,#5263,.T.);
#5263 = LINE('',#5264,#5265);
#5264 = CARTESIAN_POINT('',(157.5,-52.749999,1.51));
#5265 = VECTOR('',#5266,1.);
#5266 = DIRECTION('',(0.,-1.,0.));
#5267 = ORIENTED_EDGE('',*,*,#5212,.F.);
#5268 = ORIENTED_EDGE('',*,*,#5269,.F.);
#5269 = EDGE_CURVE('',#5253,#5213,#5270,.T.);
#5270 = LINE('',#5271,#5272);
#5271 = CARTESIAN_POINT('',(157.5,-52.749999,0.));
#5272 = VECTOR('',#5273,1.);
#5273 = DIRECTION('',(0.,-1.,0.));
#5274 = PLANE('',#5275);
#5275 = AXIS2_PLACEMENT_3D('',#5276,#5277,#5278);
#5276 = CARTESIAN_POINT('',(157.5,-52.749999,0.));
#5277 = DIRECTION('',(1.,0.,-0.));
#5278 = DIRECTION('',(0.,-1.,0.));
#5279 = ADVANCED_FACE('',(#5280),#5305,.T.);
#5280 = FACE_BOUND('',#5281,.T.);
#5281 = EDGE_LOOP('',(#5282,#5283,#5291,#5299));
#5282 = ORIENTED_EDGE('',*,*,#5230,.T.);
#5283 = ORIENTED_EDGE('',*,*,#5284,.T.);
#5284 = EDGE_CURVE('',#5223,#5285,#5287,.T.);
#5285 = VERTEX_POINT('',#5286);
#5286 = CARTESIAN_POINT('',(142.5,-52.749999,1.51));
#5287 = LINE('',#5288,#5289);
#5288 = CARTESIAN_POINT('',(142.5,-181.25,1.51));
#5289 = VECTOR('',#5290,1.);
#5290 = DIRECTION('',(0.,1.,0.));
#5291 = ORIENTED_EDGE('',*,*,#5292,.F.);
#5292 = EDGE_CURVE('',#5293,#5285,#5295,.T.);
#5293 = VERTEX_POINT('',#5294);
#5294 = CARTESIAN_POINT('',(142.5,-52.749999,0.));
#5295 = LINE('',#5296,#5297);
#5296 = CARTESIAN_POINT('',(142.5,-52.749999,0.));
#5297 = VECTOR('',#5298,1.);
#5298 = DIRECTION('',(0.,0.,1.));
#5299 = ORIENTED_EDGE('',*,*,#5300,.F.);
#5300 = EDGE_CURVE('',#5231,#5293,#5301,.T.);
#5301 = LINE('',#5302,#5303);
#5302 = CARTESIAN_POINT('',(142.5,-181.25,0.));
#5303 = VECTOR('',#5304,1.);
#5304 = DIRECTION('',(0.,1.,0.));
#5305 = PLANE('',#5306);
#5306 = AXIS2_PLACEMENT_3D('',#5307,#5308,#5309);
#5307 = CARTESIAN_POINT('',(142.5,-181.25,0.));
#5308 = DIRECTION('',(-1.,0.,0.));
#5309 = DIRECTION('',(0.,1.,0.));
#5310 = ADVANCED_FACE('',(#5311,#5322,#5333,#5344,#5355,#5366,#5377,
    #5388,#5399,#5410,#5421,#5432),#5443,.F.);
#5311 = FACE_BOUND('',#5312,.F.);
#5312 = EDGE_LOOP('',(#5313,#5314,#5315,#5321));
#5313 = ORIENTED_EDGE('',*,*,#5238,.F.);
#5314 = ORIENTED_EDGE('',*,*,#5269,.F.);
#5315 = ORIENTED_EDGE('',*,*,#5316,.F.);
#5316 = EDGE_CURVE('',#5293,#5253,#5317,.T.);
#5317 = LINE('',#5318,#5319);
#5318 = CARTESIAN_POINT('',(142.5,-52.749999,0.));
#5319 = VECTOR('',#5320,1.);
#5320 = DIRECTION('',(1.,0.,0.));
#5321 = ORIENTED_EDGE('',*,*,#5300,.F.);
#5322 = FACE_BOUND('',#5323,.F.);
#5323 = EDGE_LOOP('',(#5324));
#5324 = ORIENTED_EDGE('',*,*,#5325,.T.);
#5325 = EDGE_CURVE('',#5326,#5326,#5328,.T.);
#5326 = VERTEX_POINT('',#5327);
#5327 = CARTESIAN_POINT('',(150.,-179.85,0.));
#5328 = CIRCLE('',#5329,1.6);
#5329 = AXIS2_PLACEMENT_3D('',#5330,#5331,#5332);
#5330 = CARTESIAN_POINT('',(150.,-178.25,0.));
#5331 = DIRECTION('',(-0.,0.,-1.));
#5332 = DIRECTION('',(-0.,-1.,0.));
#5333 = FACE_BOUND('',#5334,.F.);
#5334 = EDGE_LOOP('',(#5335));
#5335 = ORIENTED_EDGE('',*,*,#5336,.T.);
#5336 = EDGE_CURVE('',#5337,#5337,#5339,.T.);
#5337 = VERTEX_POINT('',#5338);
#5338 = CARTESIAN_POINT('',(150.,-165.,0.));
#5339 = CIRCLE('',#5340,3.);
#5340 = AXIS2_PLACEMENT_3D('',#5341,#5342,#5343);
#5341 = CARTESIAN_POINT('',(150.,-162.,0.));
#5342 = DIRECTION('',(-0.,0.,-1.));
#5343 = DIRECTION('',(-0.,-1.,0.));
#5344 = FACE_BOUND('',#5345,.F.);
#5345 = EDGE_LOOP('',(#5346));
#5346 = ORIENTED_EDGE('',*,*,#5347,.T.);
#5347 = EDGE_CURVE('',#5348,#5348,#5350,.T.);
#5348 = VERTEX_POINT('',#5349);
#5349 = CARTESIAN_POINT('',(150.,-153.,0.));
#5350 = CIRCLE('',#5351,3.);
#5351 = AXIS2_PLACEMENT_3D('',#5352,#5353,#5354);
#5352 = CARTESIAN_POINT('',(150.,-150.,0.));
#5353 = DIRECTION('',(-0.,0.,-1.));
#5354 = DIRECTION('',(-0.,-1.,0.));
#5355 = FACE_BOUND('',#5356,.F.);
#5356 = EDGE_LOOP('',(#5357));
#5357 = ORIENTED_EDGE('',*,*,#5358,.T.);
#5358 = EDGE_CURVE('',#5359,#5359,#5361,.T.);
#5359 = VERTEX_POINT('',#5360);
#5360 = CARTESIAN_POINT('',(150.,-141.,0.));
#5361 = CIRCLE('',#5362,3.);
#5362 = AXIS2_PLACEMENT_3D('',#5363,#5364,#5365);
#5363 = CARTESIAN_POINT('',(150.,-138.,0.));
#5364 = DIRECTION('',(-0.,0.,-1.));
#5365 = DIRECTION('',(-0.,-1.,0.));
#5366 = FACE_BOUND('',#5367,.F.);
#5367 = EDGE_LOOP('',(#5368));
#5368 = ORIENTED_EDGE('',*,*,#5369,.T.);
#5369 = EDGE_CURVE('',#5370,#5370,#5372,.T.);
#5370 = VERTEX_POINT('',#5371);
#5371 = CARTESIAN_POINT('',(150.,-129.,0.));
#5372 = CIRCLE('',#5373,3.);
#5373 = AXIS2_PLACEMENT_3D('',#5374,#5375,#5376);
#5374 = CARTESIAN_POINT('',(150.,-126.,0.));
#5375 = DIRECTION('',(-0.,0.,-1.));
#5376 = DIRECTION('',(-0.,-1.,0.));
#5377 = FACE_BOUND('',#5378,.F.);
#5378 = EDGE_LOOP('',(#5379));
#5379 = ORIENTED_EDGE('',*,*,#5380,.T.);
#5380 = EDGE_CURVE('',#5381,#5381,#5383,.T.);
#5381 = VERTEX_POINT('',#5382);
#5382 = CARTESIAN_POINT('',(150.,-120.25,0.));
#5383 = CIRCLE('',#5384,3.25);
#5384 = AXIS2_PLACEMENT_3D('',#5385,#5386,#5387);
#5385 = CARTESIAN_POINT('',(150.,-117.,0.));
#5386 = DIRECTION('',(-0.,0.,-1.));
#5387 = DIRECTION('',(-0.,-1.,0.));
#5388 = FACE_BOUND('',#5389,.F.);
#5389 = EDGE_LOOP('',(#5390));
#5390 = ORIENTED_EDGE('',*,*,#5391,.T.);
#5391 = EDGE_CURVE('',#5392,#5392,#5394,.T.);
#5392 = VERTEX_POINT('',#5393);
#5393 = CARTESIAN_POINT('',(150.,-111.,0.));
#5394 = CIRCLE('',#5395,3.);
#5395 = AXIS2_PLACEMENT_3D('',#5396,#5397,#5398);
#5396 = CARTESIAN_POINT('',(150.,-108.,0.));
#5397 = DIRECTION('',(-0.,0.,-1.));
#5398 = DIRECTION('',(-0.,-1.,0.));
#5399 = FACE_BOUND('',#5400,.F.);
#5400 = EDGE_LOOP('',(#5401));
#5401 = ORIENTED_EDGE('',*,*,#5402,.T.);
#5402 = EDGE_CURVE('',#5403,#5403,#5405,.T.);
#5403 = VERTEX_POINT('',#5404);
#5404 = CARTESIAN_POINT('',(150.,-99.,0.));
#5405 = CIRCLE('',#5406,3.);
#5406 = AXIS2_PLACEMENT_3D('',#5407,#5408,#5409);
#5407 = CARTESIAN_POINT('',(150.,-96.,0.));
#5408 = DIRECTION('',(-0.,0.,-1.));
#5409 = DIRECTION('',(-0.,-1.,0.));
#5410 = FACE_BOUND('',#5411,.F.);
#5411 = EDGE_LOOP('',(#5412));
#5412 = ORIENTED_EDGE('',*,*,#5413,.T.);
#5413 = EDGE_CURVE('',#5414,#5414,#5416,.T.);
#5414 = VERTEX_POINT('',#5415);
#5415 = CARTESIAN_POINT('',(150.,-87.,0.));
#5416 = CIRCLE('',#5417,3.);
#5417 = AXIS2_PLACEMENT_3D('',#5418,#5419,#5420);
#5418 = CARTESIAN_POINT('',(150.,-84.,0.));
#5419 = DIRECTION('',(-0.,0.,-1.));
#5420 = DIRECTION('',(-0.,-1.,0.));
#5421 = FACE_BOUND('',#5422,.F.);
#5422 = EDGE_LOOP('',(#5423));
#5423 = ORIENTED_EDGE('',*,*,#5424,.T.);
#5424 = EDGE_CURVE('',#5425,#5425,#5427,.T.);
#5425 = VERTEX_POINT('',#5426);
#5426 = CARTESIAN_POINT('',(150.,-75.,0.));
#5427 = CIRCLE('',#5428,3.);
#5428 = AXIS2_PLACEMENT_3D('',#5429,#5430,#5431);
#5429 = CARTESIAN_POINT('',(150.,-72.,0.));
#5430 = DIRECTION('',(-0.,0.,-1.));
#5431 = DIRECTION('',(-0.,-1.,0.));
#5432 = FACE_BOUND('',#5433,.F.);
#5433 = EDGE_LOOP('',(#5434));
#5434 = ORIENTED_EDGE('',*,*,#5435,.T.);
#5435 = EDGE_CURVE('',#5436,#5436,#5438,.T.);
#5436 = VERTEX_POINT('',#5437);
#5437 = CARTESIAN_POINT('',(150.,-57.35,0.));
#5438 = CIRCLE('',#5439,1.6);
#5439 = AXIS2_PLACEMENT_3D('',#5440,#5441,#5442);
#5440 = CARTESIAN_POINT('',(150.,-55.75,0.));
#5441 = DIRECTION('',(-0.,0.,-1.));
#5442 = DIRECTION('',(-0.,-1.,0.));
#5443 = PLANE('',#5444);
#5444 = AXIS2_PLACEMENT_3D('',#5445,#5446,#5447);
#5445 = CARTESIAN_POINT('',(0.,0.,0.));
#5446 = DIRECTION('',(0.,0.,1.));
#5447 = DIRECTION('',(1.,0.,-0.));
#5448 = ADVANCED_FACE('',(#5449,#5460,#5471,#5482,#5493,#5504,#5515,
    #5526,#5537,#5548,#5559,#5570),#5581,.T.);
#5449 = FACE_BOUND('',#5450,.T.);
#5450 = EDGE_LOOP('',(#5451,#5452,#5453,#5459));
#5451 = ORIENTED_EDGE('',*,*,#5222,.F.);
#5452 = ORIENTED_EDGE('',*,*,#5262,.F.);
#5453 = ORIENTED_EDGE('',*,*,#5454,.F.);
#5454 = EDGE_CURVE('',#5285,#5255,#5455,.T.);
#5455 = LINE('',#5456,#5457);
#5456 = CARTESIAN_POINT('',(142.5,-52.749999,1.51));
#5457 = VECTOR('',#5458,1.);
#5458 = DIRECTION('',(1.,0.,0.));
#5459 = ORIENTED_EDGE('',*,*,#5284,.F.);
#5460 = FACE_BOUND('',#5461,.T.);
#5461 = EDGE_LOOP('',(#5462));
#5462 = ORIENTED_EDGE('',*,*,#5463,.T.);
#5463 = EDGE_CURVE('',#5464,#5464,#5466,.T.);
#5464 = VERTEX_POINT('',#5465);
#5465 = CARTESIAN_POINT('',(150.,-179.85,1.51));
#5466 = CIRCLE('',#5467,1.6);
#5467 = AXIS2_PLACEMENT_3D('',#5468,#5469,#5470);
#5468 = CARTESIAN_POINT('',(150.,-178.25,1.51));
#5469 = DIRECTION('',(-0.,0.,-1.));
#5470 = DIRECTION('',(-0.,-1.,0.));
#5471 = FACE_BOUND('',#5472,.T.);
#5472 = EDGE_LOOP('',(#5473));
#5473 = ORIENTED_EDGE('',*,*,#5474,.T.);
#5474 = EDGE_CURVE('',#5475,#5475,#5477,.T.);
#5475 = VERTEX_POINT('',#5476);
#5476 = CARTESIAN_POINT('',(150.,-165.,1.51));
#5477 = CIRCLE('',#5478,3.);
#5478 = AXIS2_PLACEMENT_3D('',#5479,#5480,#5481);
#5479 = CARTESIAN_POINT('',(150.,-162.,1.51));
#5480 = DIRECTION('',(-0.,0.,-1.));
#5481 = DIRECTION('',(-0.,-1.,0.));
#5482 = FACE_BOUND('',#5483,.T.);
#5483 = EDGE_LOOP('',(#5484));
#5484 = ORIENTED_EDGE('',*,*,#5485,.T.);
#5485 = EDGE_CURVE('',#5486,#5486,#5488,.T.);
#5486 = VERTEX_POINT('',#5487);
#5487 = CARTESIAN_POINT('',(150.,-153.,1.51));
#5488 = CIRCLE('',#5489,3.);
#5489 = AXIS2_PLACEMENT_3D('',#5490,#5491,#5492);
#5490 = CARTESIAN_POINT('',(150.,-150.,1.51));
#5491 = DIRECTION('',(-0.,0.,-1.));
#5492 = DIRECTION('',(-0.,-1.,0.));
#5493 = FACE_BOUND('',#5494,.T.);
#5494 = EDGE_LOOP('',(#5495));
#5495 = ORIENTED_EDGE('',*,*,#5496,.T.);
#5496 = EDGE_CURVE('',#5497,#5497,#5499,.T.);
#5497 = VERTEX_POINT('',#5498);
#5498 = CARTESIAN_POINT('',(150.,-141.,1.51));
#5499 = CIRCLE('',#5500,3.);
#5500 = AXIS2_PLACEMENT_3D('',#5501,#5502,#5503);
#5501 = CARTESIAN_POINT('',(150.,-138.,1.51));
#5502 = DIRECTION('',(-0.,0.,-1.));
#5503 = DIRECTION('',(-0.,-1.,0.));
#5504 = FACE_BOUND('',#5505,.T.);
#5505 = EDGE_LOOP('',(#5506));
#5506 = ORIENTED_EDGE('',*,*,#5507,.T.);
#5507 = EDGE_CURVE('',#5508,#5508,#5510,.T.);
#5508 = VERTEX_POINT('',#5509);
#5509 = CARTESIAN_POINT('',(150.,-129.,1.51));
#5510 = CIRCLE('',#5511,3.);
#5511 = AXIS2_PLACEMENT_3D('',#5512,#5513,#5514);
#5512 = CARTESIAN_POINT('',(150.,-126.,1.51));
#5513 = DIRECTION('',(-0.,0.,-1.));
#5514 = DIRECTION('',(-0.,-1.,0.));
#5515 = FACE_BOUND('',#5516,.T.);
#5516 = EDGE_LOOP('',(#5517));
#5517 = ORIENTED_EDGE('',*,*,#5518,.T.);
#5518 = EDGE_CURVE('',#5519,#5519,#5521,.T.);
#5519 = VERTEX_POINT('',#5520);
#5520 = CARTESIAN_POINT('',(150.,-120.25,1.51));
#5521 = CIRCLE('',#5522,3.25);
#5522 = AXIS2_PLACEMENT_3D('',#5523,#5524,#5525);
#5523 = CARTESIAN_POINT('',(150.,-117.,1.51));
#5524 = DIRECTION('',(-0.,0.,-1.));
#5525 = DIRECTION('',(-0.,-1.,0.));
#5526 = FACE_BOUND('',#5527,.T.);
#5527 = EDGE_LOOP('',(#5528));
#5528 = ORIENTED_EDGE('',*,*,#5529,.T.);
#5529 = EDGE_CURVE('',#5530,#5530,#5532,.T.);
#5530 = VERTEX_POINT('',#5531);
#5531 = CARTESIAN_POINT('',(150.,-111.,1.51));
#5532 = CIRCLE('',#5533,3.);
#5533 = AXIS2_PLACEMENT_3D('',#5534,#5535,#5536);
#5534 = CARTESIAN_POINT('',(150.,-108.,1.51));
#5535 = DIRECTION('',(-0.,0.,-1.));
#5536 = DIRECTION('',(-0.,-1.,0.));
#5537 = FACE_BOUND('',#5538,.T.);
#5538 = EDGE_LOOP('',(#5539));
#5539 = ORIENTED_EDGE('',*,*,#5540,.T.);
#5540 = EDGE_CURVE('',#5541,#5541,#5543,.T.);
#5541 = VERTEX_POINT('',#5542);
#5542 = CARTESIAN_POINT('',(150.,-99.,1.51));
#5543 = CIRCLE('',#5544,3.);
#5544 = AXIS2_PLACEMENT_3D('',#5545,#5546,#5547);
#5545 = CARTESIAN_POINT('',(150.,-96.,1.51));
#5546 = DIRECTION('',(-0.,0.,-1.));
#5547 = DIRECTION('',(-0.,-1.,0.));
#5548 = FACE_BOUND('',#5549,.T.);
#5549 = EDGE_LOOP('',(#5550));
#5550 = ORIENTED_EDGE('',*,*,#5551,.T.);
#5551 = EDGE_CURVE('',#5552,#5552,#5554,.T.);
#5552 = VERTEX_POINT('',#5553);
#5553 = CARTESIAN_POINT('',(150.,-87.,1.51));
#5554 = CIRCLE('',#5555,3.);
#5555 = AXIS2_PLACEMENT_3D('',#5556,#5557,#5558);
#5556 = CARTESIAN_POINT('',(150.,-84.,1.51));
#5557 = DIRECTION('',(-0.,0.,-1.));
#5558 = DIRECTION('',(-0.,-1.,0.));
#5559 = FACE_BOUND('',#5560,.T.);
#5560 = EDGE_LOOP('',(#5561));
#5561 = ORIENTED_EDGE('',*,*,#5562,.T.);
#5562 = EDGE_CURVE('',#5563,#5563,#5565,.T.);
#5563 = VERTEX_POINT('',#5564);
#5564 = CARTESIAN_POINT('',(150.,-75.,1.51));
#5565 = CIRCLE('',#5566,3.);
#5566 = AXIS2_PLACEMENT_3D('',#5567,#5568,#5569);
#5567 = CARTESIAN_POINT('',(150.,-72.,1.51));
#5568 = DIRECTION('',(-0.,0.,-1.));
#5569 = DIRECTION('',(-0.,-1.,0.));
#5570 = FACE_BOUND('',#5571,.T.);
#5571 = EDGE_LOOP('',(#5572));
#5572 = ORIENTED_EDGE('',*,*,#5573,.T.);
#5573 = EDGE_CURVE('',#5574,#5574,#5576,.T.);
#5574 = VERTEX_POINT('',#5575);
#5575 = CARTESIAN_POINT('',(150.,-57.35,1.51));
#5576 = CIRCLE('',#5577,1.6);
#5577 = AXIS2_PLACEMENT_3D('',#5578,#5579,#5580);
#5578 = CARTESIAN_POINT('',(150.,-55.75,1.51));
#5579 = DIRECTION('',(-0.,0.,-1.));
#5580 = DIRECTION('',(-0.,-1.,0.));
#5581 = PLANE('',#5582);
#5582 = AXIS2_PLACEMENT_3D('',#5583,#5584,#5585);
#5583 = CARTESIAN_POINT('',(0.,0.,1.51));
#5584 = DIRECTION('',(0.,0.,1.));
#5585 = DIRECTION('',(1.,0.,-0.));
#5586 = ADVANCED_FACE('',(#5587),#5593,.T.);
#5587 = FACE_BOUND('',#5588,.T.);
#5588 = EDGE_LOOP('',(#5589,#5590,#5591,#5592));
#5589 = ORIENTED_EDGE('',*,*,#5292,.T.);
#5590 = ORIENTED_EDGE('',*,*,#5454,.T.);
#5591 = ORIENTED_EDGE('',*,*,#5252,.F.);
#5592 = ORIENTED_EDGE('',*,*,#5316,.F.);
#5593 = PLANE('',#5594);
#5594 = AXIS2_PLACEMENT_3D('',#5595,#5596,#5597);
#5595 = CARTESIAN_POINT('',(142.5,-52.749999,0.));
#5596 = DIRECTION('',(0.,1.,0.));
#5597 = DIRECTION('',(1.,0.,0.));
#5598 = ADVANCED_FACE('',(#5599),#5610,.F.);
#5599 = FACE_BOUND('',#5600,.T.);
#5600 = EDGE_LOOP('',(#5601,#5602,#5608,#5609));
#5601 = ORIENTED_EDGE('',*,*,#5325,.T.);
#5602 = ORIENTED_EDGE('',*,*,#5603,.T.);
#5603 = EDGE_CURVE('',#5326,#5464,#5604,.T.);
#5604 = LINE('',#5605,#5606);
#5605 = CARTESIAN_POINT('',(150.,-179.85,-4.6E-02));
#5606 = VECTOR('',#5607,1.);
#5607 = DIRECTION('',(0.,0.,1.));
#5608 = ORIENTED_EDGE('',*,*,#5463,.F.);
#5609 = ORIENTED_EDGE('',*,*,#5603,.F.);
#5610 = CYLINDRICAL_SURFACE('',#5611,1.6);
#5611 = AXIS2_PLACEMENT_3D('',#5612,#5613,#5614);
#5612 = CARTESIAN_POINT('',(150.,-178.25,-4.6E-02));
#5613 = DIRECTION('',(-0.,-0.,-1.));
#5614 = DIRECTION('',(-0.,-1.,0.));
#5615 = ADVANCED_FACE('',(#5616),#5627,.F.);
#5616 = FACE_BOUND('',#5617,.T.);
#5617 = EDGE_LOOP('',(#5618,#5619,#5625,#5626));
#5618 = ORIENTED_EDGE('',*,*,#5336,.T.);
#5619 = ORIENTED_EDGE('',*,*,#5620,.T.);
#5620 = EDGE_CURVE('',#5337,#5475,#5621,.T.);
#5621 = LINE('',#5622,#5623);
#5622 = CARTESIAN_POINT('',(150.,-165.,-4.6E-02));
#5623 = VECTOR('',#5624,1.);
#5624 = DIRECTION('',(0.,0.,1.));
#5625 = ORIENTED_EDGE('',*,*,#5474,.F.);
#5626 = ORIENTED_EDGE('',*,*,#5620,.F.);
#5627 = CYLINDRICAL_SURFACE('',#5628,3.);
#5628 = AXIS2_PLACEMENT_3D('',#5629,#5630,#5631);
#5629 = CARTESIAN_POINT('',(150.,-162.,-4.6E-02));
#5630 = DIRECTION('',(-0.,-0.,-1.));
#5631 = DIRECTION('',(-0.,-1.,0.));
#5632 = ADVANCED_FACE('',(#5633),#5644,.F.);
#5633 = FACE_BOUND('',#5634,.T.);
#5634 = EDGE_LOOP('',(#5635,#5636,#5642,#5643));
#5635 = ORIENTED_EDGE('',*,*,#5347,.T.);
#5636 = ORIENTED_EDGE('',*,*,#5637,.T.);
#5637 = EDGE_CURVE('',#5348,#5486,#5638,.T.);
#5638 = LINE('',#5639,#5640);
#5639 = CARTESIAN_POINT('',(150.,-153.,-4.6E-02));
#5640 = VECTOR('',#5641,1.);
#5641 = DIRECTION('',(0.,0.,1.));
#5642 = ORIENTED_EDGE('',*,*,#5485,.F.);
#5643 = ORIENTED_EDGE('',*,*,#5637,.F.);
#5644 = CYLINDRICAL_SURFACE('',#5645,3.);
#5645 = AXIS2_PLACEMENT_3D('',#5646,#5647,#5648);
#5646 = CARTESIAN_POINT('',(150.,-150.,-4.6E-02));
#5647 = DIRECTION('',(-0.,-0.,-1.));
#5648 = DIRECTION('',(-0.,-1.,0.));
#5649 = ADVANCED_FACE('',(#5650),#5661,.F.);
#5650 = FACE_BOUND('',#5651,.T.);
#5651 = EDGE_LOOP('',(#5652,#5653,#5659,#5660));
#5652 = ORIENTED_EDGE('',*,*,#5358,.T.);
#5653 = ORIENTED_EDGE('',*,*,#5654,.T.);
#5654 = EDGE_CURVE('',#5359,#5497,#5655,.T.);
#5655 = LINE('',#5656,#5657);
#5656 = CARTESIAN_POINT('',(150.,-141.,-4.6E-02));
#5657 = VECTOR('',#5658,1.);
#5658 = DIRECTION('',(0.,0.,1.));
#5659 = ORIENTED_EDGE('',*,*,#5496,.F.);
#5660 = ORIENTED_EDGE('',*,*,#5654,.F.);
#5661 = CYLINDRICAL_SURFACE('',#5662,3.);
#5662 = AXIS2_PLACEMENT_3D('',#5663,#5664,#5665);
#5663 = CARTESIAN_POINT('',(150.,-138.,-4.6E-02));
#5664 = DIRECTION('',(-0.,-0.,-1.));
#5665 = DIRECTION('',(-0.,-1.,0.));
#5666 = ADVANCED_FACE('',(#5667),#5678,.F.);
#5667 = FACE_BOUND('',#5668,.T.);
#5668 = EDGE_LOOP('',(#5669,#5670,#5676,#5677));
#5669 = ORIENTED_EDGE('',*,*,#5369,.T.);
#5670 = ORIENTED_EDGE('',*,*,#5671,.T.);
#5671 = EDGE_CURVE('',#5370,#5508,#5672,.T.);
#5672 = LINE('',#5673,#5674);
#5673 = CARTESIAN_POINT('',(150.,-129.,-4.6E-02));
#5674 = VECTOR('',#5675,1.);
#5675 = DIRECTION('',(0.,0.,1.));
#5676 = ORIENTED_EDGE('',*,*,#5507,.F.);
#5677 = ORIENTED_EDGE('',*,*,#5671,.F.);
#5678 = CYLINDRICAL_SURFACE('',#5679,3.);
#5679 = AXIS2_PLACEMENT_3D('',#5680,#5681,#5682);
#5680 = CARTESIAN_POINT('',(150.,-126.,-4.6E-02));
#5681 = DIRECTION('',(-0.,-0.,-1.));
#5682 = DIRECTION('',(-0.,-1.,0.));
#5683 = ADVANCED_FACE('',(#5684),#5695,.F.);
#5684 = FACE_BOUND('',#5685,.T.);
#5685 = EDGE_LOOP('',(#5686,#5687,#5693,#5694));
#5686 = ORIENTED_EDGE('',*,*,#5380,.T.);
#5687 = ORIENTED_EDGE('',*,*,#5688,.T.);
#5688 = EDGE_CURVE('',#5381,#5519,#5689,.T.);
#5689 = LINE('',#5690,#5691);
#5690 = CARTESIAN_POINT('',(150.,-120.25,-4.6E-02));
#5691 = VECTOR('',#5692,1.);
#5692 = DIRECTION('',(0.,0.,1.));
#5693 = ORIENTED_EDGE('',*,*,#5518,.F.);
#5694 = ORIENTED_EDGE('',*,*,#5688,.F.);
#5695 = CYLINDRICAL_SURFACE('',#5696,3.25);
#5696 = AXIS2_PLACEMENT_3D('',#5697,#5698,#5699);
#5697 = CARTESIAN_POINT('',(150.,-117.,-4.6E-02));
#5698 = DIRECTION('',(-0.,-0.,-1.));
#5699 = DIRECTION('',(-0.,-1.,0.));
#5700 = ADVANCED_FACE('',(#5701),#5712,.F.);
#5701 = FACE_BOUND('',#5702,.T.);
#5702 = EDGE_LOOP('',(#5703,#5704,#5710,#5711));
#5703 = ORIENTED_EDGE('',*,*,#5391,.T.);
#5704 = ORIENTED_EDGE('',*,*,#5705,.T.);
#5705 = EDGE_CURVE('',#5392,#5530,#5706,.T.);
#5706 = LINE('',#5707,#5708);
#5707 = CARTESIAN_POINT('',(150.,-111.,-4.6E-02));
#5708 = VECTOR('',#5709,1.);
#5709 = DIRECTION('',(0.,0.,1.));
#5710 = ORIENTED_EDGE('',*,*,#5529,.F.);
#5711 = ORIENTED_EDGE('',*,*,#5705,.F.);
#5712 = CYLINDRICAL_SURFACE('',#5713,3.);
#5713 = AXIS2_PLACEMENT_3D('',#5714,#5715,#5716);
#5714 = CARTESIAN_POINT('',(150.,-108.,-4.6E-02));
#5715 = DIRECTION('',(-0.,-0.,-1.));
#5716 = DIRECTION('',(-0.,-1.,0.));
#5717 = ADVANCED_FACE('',(#5718),#5729,.F.);
#5718 = FACE_BOUND('',#5719,.T.);
#5719 = EDGE_LOOP('',(#5720,#5721,#5727,#5728));
#5720 = ORIENTED_EDGE('',*,*,#5402,.T.);
#5721 = ORIENTED_EDGE('',*,*,#5722,.T.);
#5722 = EDGE_CURVE('',#5403,#5541,#5723,.T.);
#5723 = LINE('',#5724,#5725);
#5724 = CARTESIAN_POINT('',(150.,-99.,-4.6E-02));
#5725 = VECTOR('',#5726,1.);
#5726 = DIRECTION('',(0.,0.,1.));
#5727 = ORIENTED_EDGE('',*,*,#5540,.F.);
#5728 = ORIENTED_EDGE('',*,*,#5722,.F.);
#5729 = CYLINDRICAL_SURFACE('',#5730,3.);
#5730 = AXIS2_PLACEMENT_3D('',#5731,#5732,#5733);
#5731 = CARTESIAN_POINT('',(150.,-96.,-4.6E-02));
#5732 = DIRECTION('',(-0.,-0.,-1.));
#5733 = DIRECTION('',(-0.,-1.,0.));
#5734 = ADVANCED_FACE('',(#5735),#5746,.F.);
#5735 = FACE_BOUND('',#5736,.T.);
#5736 = EDGE_LOOP('',(#5737,#5738,#5744,#5745));
#5737 = ORIENTED_EDGE('',*,*,#5413,.T.);
#5738 = ORIENTED_EDGE('',*,*,#5739,.T.);
#5739 = EDGE_CURVE('',#5414,#5552,#5740,.T.);
#5740 = LINE('',#5741,#5742);
#5741 = CARTESIAN_POINT('',(150.,-87.,-4.6E-02));
#5742 = VECTOR('',#5743,1.);
#5743 = DIRECTION('',(0.,0.,1.));
#5744 = ORIENTED_EDGE('',*,*,#5551,.F.);
#5745 = ORIENTED_EDGE('',*,*,#5739,.F.);
#5746 = CYLINDRICAL_SURFACE('',#5747,3.);
#5747 = AXIS2_PLACEMENT_3D('',#5748,#5749,#5750);
#5748 = CARTESIAN_POINT('',(150.,-84.,-4.6E-02));
#5749 = DIRECTION('',(-0.,-0.,-1.));
#5750 = DIRECTION('',(-0.,-1.,0.));
#5751 = ADVANCED_FACE('',(#5752),#5763,.F.);
#5752 = FACE_BOUND('',#5753,.T.);
#5753 = EDGE_LOOP('',(#5754,#5755,#5761,#5762));
#5754 = ORIENTED_EDGE('',*,*,#5424,.T.);
#5755 = ORIENTED_EDGE('',*,*,#5756,.T.);
#5756 = EDGE_CURVE('',#5425,#5563,#5757,.T.);
#5757 = LINE('',#5758,#5759);
#5758 = CARTESIAN_POINT('',(150.,-75.,-4.6E-02));
#5759 = VECTOR('',#5760,1.);
#5760 = DIRECTION('',(0.,0.,1.));
#5761 = ORIENTED_EDGE('',*,*,#5562,.F.);
#5762 = ORIENTED_EDGE('',*,*,#5756,.F.);
#5763 = CYLINDRICAL_SURFACE('',#5764,3.);
#5764 = AXIS2_PLACEMENT_3D('',#5765,#5766,#5767);
#5765 = CARTESIAN_POINT('',(150.,-72.,-4.6E-02));
#5766 = DIRECTION('',(-0.,-0.,-1.));
#5767 = DIRECTION('',(-0.,-1.,0.));
#5768 = ADVANCED_FACE('',(#5769),#5780,.F.);
#5769 = FACE_BOUND('',#5770,.T.);
#5770 = EDGE_LOOP('',(#5771,#5772,#5778,#5779));
#5771 = ORIENTED_EDGE('',*,*,#5435,.T.);
#5772 = ORIENTED_EDGE('',*,*,#5773,.T.);
#5773 = EDGE_CURVE('',#5436,#5574,#5774,.T.);
#5774 = LINE('',#5775,#5776);
#5775 = CARTESIAN_POINT('',(150.,-57.35,-4.6E-02));
#5776 = VECTOR('',#5777,1.);
#5777 = DIRECTION('',(0.,0.,1.));
#5778 = ORIENTED_EDGE('',*,*,#5573,.F.);
#5779 = ORIENTED_EDGE('',*,*,#5773,.F.);
#5780 = CYLINDRICAL_SURFACE('',#5781,1.6);
#5781 = AXIS2_PLACEMENT_3D('',#5782,#5783,#5784);
#5782 = CARTESIAN_POINT('',(150.,-55.75,-4.6E-02));
#5783 = DIRECTION('',(-0.,-0.,-1.));
#5784 = DIRECTION('',(-0.,-1.,0.));
#5785 = ( GEOMETRIC_REPRESENTATION_CONTEXT(3) 
GLOBAL_UNCERTAINTY_ASSIGNED_CONTEXT((#5789)) 
GLOBAL_UNIT_ASSIGNED_CONTEXT((#5786,#5787,#5788)) REPRESENTATION_CONTEXT
('Context #1','3D Context with UNIT and UNCERTAINTY') );
#5786 = ( LENGTH_UNIT() NAMED_UNIT(*) SI_UNIT(.MILLI.,.METRE.) );
#5787 = ( NAMED_UNIT(*) PLANE_ANGLE_UNIT() SI_UNIT($,.RADIAN.) );
#5788 = ( NAMED_UNIT(*) SI_UNIT($,.STERADIAN.) SOLID_ANGLE_UNIT() );
#5789 = UNCERTAINTY_MEASURE_WITH_UNIT(LENGTH_MEASURE(1.E-07),#5786,
  'distance_accuracy_value','confusion accuracy');
#5790 = CONTEXT_DEPENDENT_SHAPE_REPRESENTATION(#5791,#5793);
#5791 = ( REPRESENTATION_RELATIONSHIP('','',#5205,#10) 
REPRESENTATION_RELATIONSHIP_WITH_TRANSFORMATION(#5792) 
SHAPE_REPRESENTATION_RELATIONSHIP() );
#5792 = ITEM_DEFINED_TRANSFORMATION('','',#11,#31);
#5793 = PRODUCT_DEFINITION_SHAPE('Placement','Placement of an item',
  #5794);
#5794 = NEXT_ASSEMBLY_USAGE_OCCURRENCE('5','=>[0:1:1:6]','',#5,#5200,$);
#5795 = PRODUCT_RELATED_PRODUCT_CATEGORY('part',$,(#5202));
#5796 = MECHANICAL_DESIGN_GEOMETRIC_PRESENTATION_REPRESENTATION('',(
    #5797),#5005);
#5797 = STYLED_ITEM('color',(#5798),#4844);
#5798 = PRESENTATION_STYLE_ASSIGNMENT((#5799));
#5799 = SURFACE_STYLE_USAGE(.BOTH.,#5800);
#5800 = SURFACE_SIDE_STYLE('',(#5801,#5805));
#5801 = SURFACE_STYLE_FILL_AREA(#5802);
#5802 = FILL_AREA_STYLE('',(#5803));
#5803 = FILL_AREA_STYLE_COLOUR('',#5804);
#5804 = COLOUR_RGB('',0.890440242649,0.890440242649,0.890440242649);
#5805 = SURFACE_STYLE_RENDERING_WITH_PROPERTIES(.NORMAL_SHADING.,#5804,(
    #5806));
#5806 = SURFACE_STYLE_TRANSPARENT(0.170000016689);
#5807 = MECHANICAL_DESIGN_GEOMETRIC_PRESENTATION_REPRESENTATION('',(
    #5808,#5816,#5823,#5830,#5837,#5844,#5851,#5858,#5865,#5872,#5879,
    #5886,#5893,#5900,#5907,#5914,#5921,#5928,#5935,#5942,#5949,#5956,
    #5963),#4823);
#5808 = STYLED_ITEM('color',(#5809),#789);
#5809 = PRESENTATION_STYLE_ASSIGNMENT((#5810));
#5810 = SURFACE_STYLE_USAGE(.BOTH.,#5811);
#5811 = SURFACE_SIDE_STYLE('',(#5812));
#5812 = SURFACE_STYLE_FILL_AREA(#5813);
#5813 = FILL_AREA_STYLE('',(#5814));
#5814 = FILL_AREA_STYLE_COLOUR('',#5815);
#5815 = COLOUR_RGB('',0.229735100727,0.229735100727,0.229735100727);
#5816 = STYLED_ITEM('color',(#5817),#1807);
#5817 = PRESENTATION_STYLE_ASSIGNMENT((#5818));
#5818 = SURFACE_STYLE_USAGE(.BOTH.,#5819);
#5819 = SURFACE_SIDE_STYLE('',(#5820));
#5820 = SURFACE_STYLE_FILL_AREA(#5821);
#5821 = FILL_AREA_STYLE('',(#5822));
#5822 = FILL_AREA_STYLE_COLOUR('',#5815);
#5823 = STYLED_ITEM('color',(#5824),#2249);
#5824 = PRESENTATION_STYLE_ASSIGNMENT((#5825));
#5825 = SURFACE_STYLE_USAGE(.BOTH.,#5826);
#5826 = SURFACE_SIDE_STYLE('',(#5827));
#5827 = SURFACE_STYLE_FILL_AREA(#5828);
#5828 = FILL_AREA_STYLE('',(#5829));
#5829 = FILL_AREA_STYLE_COLOUR('',#5815);
#5830 = STYLED_ITEM('color',(#5831),#2323);
#5831 = PRESENTATION_STYLE_ASSIGNMENT((#5832));
#5832 = SURFACE_STYLE_USAGE(.BOTH.,#5833);
#5833 = SURFACE_SIDE_STYLE('',(#5834));
#5834 = SURFACE_STYLE_FILL_AREA(#5835);
#5835 = FILL_AREA_STYLE('',(#5836));
#5836 = FILL_AREA_STYLE_COLOUR('',#5815);
#5837 = STYLED_ITEM('color',(#5838),#2365);
#5838 = PRESENTATION_STYLE_ASSIGNMENT((#5839));
#5839 = SURFACE_STYLE_USAGE(.BOTH.,#5840);
#5840 = SURFACE_SIDE_STYLE('',(#5841));
#5841 = SURFACE_STYLE_FILL_AREA(#5842);
#5842 = FILL_AREA_STYLE('',(#5843));
#5843 = FILL_AREA_STYLE_COLOUR('',#5815);
#5844 = STYLED_ITEM('color',(#5845),#2615);
#5845 = PRESENTATION_STYLE_ASSIGNMENT((#5846));
#5846 = SURFACE_STYLE_USAGE(.BOTH.,#5847);
#5847 = SURFACE_SIDE_STYLE('',(#5848));
#5848 = SURFACE_STYLE_FILL_AREA(#5849);
#5849 = FILL_AREA_STYLE('',(#5850));
#5850 = FILL_AREA_STYLE_COLOUR('',#5815);
#5851 = STYLED_ITEM('color',(#5852),#2681);
#5852 = PRESENTATION_STYLE_ASSIGNMENT((#5853));
#5853 = SURFACE_STYLE_USAGE(.BOTH.,#5854);
#5854 = SURFACE_SIDE_STYLE('',(#5855));
#5855 = SURFACE_STYLE_FILL_AREA(#5856);
#5856 = FILL_AREA_STYLE('',(#5857));
#5857 = FILL_AREA_STYLE_COLOUR('',#5815);
#5858 = STYLED_ITEM('color',(#5859),#2771);
#5859 = PRESENTATION_STYLE_ASSIGNMENT((#5860));
#5860 = SURFACE_STYLE_USAGE(.BOTH.,#5861);
#5861 = SURFACE_SIDE_STYLE('',(#5862));
#5862 = SURFACE_STYLE_FILL_AREA(#5863);
#5863 = FILL_AREA_STYLE('',(#5864));
#5864 = FILL_AREA_STYLE_COLOUR('',#5815);
#5865 = STYLED_ITEM('color',(#5866),#2861);
#5866 = PRESENTATION_STYLE_ASSIGNMENT((#5867));
#5867 = SURFACE_STYLE_USAGE(.BOTH.,#5868);
#5868 = SURFACE_SIDE_STYLE('',(#5869));
#5869 = SURFACE_STYLE_FILL_AREA(#5870);
#5870 = FILL_AREA_STYLE('',(#5871));
#5871 = FILL_AREA_STYLE_COLOUR('',#5815);
#5872 = STYLED_ITEM('color',(#5873),#2951);
#5873 = PRESENTATION_STYLE_ASSIGNMENT((#5874));
#5874 = SURFACE_STYLE_USAGE(.BOTH.,#5875);
#5875 = SURFACE_SIDE_STYLE('',(#5876));
#5876 = SURFACE_STYLE_FILL_AREA(#5877);
#5877 = FILL_AREA_STYLE('',(#5878));
#5878 = FILL_AREA_STYLE_COLOUR('',#5815);
#5879 = STYLED_ITEM('color',(#5880),#3086);
#5880 = PRESENTATION_STYLE_ASSIGNMENT((#5881));
#5881 = SURFACE_STYLE_USAGE(.BOTH.,#5882);
#5882 = SURFACE_SIDE_STYLE('',(#5883));
#5883 = SURFACE_STYLE_FILL_AREA(#5884);
#5884 = FILL_AREA_STYLE('',(#5885));
#5885 = FILL_AREA_STYLE_COLOUR('',#5815);
#5886 = STYLED_ITEM('color',(#5887),#3171);
#5887 = PRESENTATION_STYLE_ASSIGNMENT((#5888));
#5888 = SURFACE_STYLE_USAGE(.BOTH.,#5889);
#5889 = SURFACE_SIDE_STYLE('',(#5890));
#5890 = SURFACE_STYLE_FILL_AREA(#5891);
#5891 = FILL_AREA_STYLE('',(#5892));
#5892 = FILL_AREA_STYLE_COLOUR('',#5815);
#5893 = STYLED_ITEM('color',(#5894),#3261);
#5894 = PRESENTATION_STYLE_ASSIGNMENT((#5895));
#5895 = SURFACE_STYLE_USAGE(.BOTH.,#5896);
#5896 = SURFACE_SIDE_STYLE('',(#5897));
#5897 = SURFACE_STYLE_FILL_AREA(#5898);
#5898 = FILL_AREA_STYLE('',(#5899));
#5899 = FILL_AREA_STYLE_COLOUR('',#5815);
#5900 = STYLED_ITEM('color',(#5901),#3351);
#5901 = PRESENTATION_STYLE_ASSIGNMENT((#5902));
#5902 = SURFACE_STYLE_USAGE(.BOTH.,#5903);
#5903 = SURFACE_SIDE_STYLE('',(#5904));
#5904 = SURFACE_STYLE_FILL_AREA(#5905);
#5905 = FILL_AREA_STYLE('',(#5906));
#5906 = FILL_AREA_STYLE_COLOUR('',#5815);
#5907 = STYLED_ITEM('color',(#5908),#3441);
#5908 = PRESENTATION_STYLE_ASSIGNMENT((#5909));
#5909 = SURFACE_STYLE_USAGE(.BOTH.,#5910);
#5910 = SURFACE_SIDE_STYLE('',(#5911));
#5911 = SURFACE_STYLE_FILL_AREA(#5912);
#5912 = FILL_AREA_STYLE('',(#5913));
#5913 = FILL_AREA_STYLE_COLOUR('',#5815);
#5914 = STYLED_ITEM('color',(#5915),#3727);
#5915 = PRESENTATION_STYLE_ASSIGNMENT((#5916));
#5916 = SURFACE_STYLE_USAGE(.BOTH.,#5917);
#5917 = SURFACE_SIDE_STYLE('',(#5918));
#5918 = SURFACE_STYLE_FILL_AREA(#5919);
#5919 = FILL_AREA_STYLE('',(#5920));
#5920 = FILL_AREA_STYLE_COLOUR('',#5815);
#5921 = STYLED_ITEM('color',(#5922),#3833);
#5922 = PRESENTATION_STYLE_ASSIGNMENT((#5923));
#5923 = SURFACE_STYLE_USAGE(.BOTH.,#5924);
#5924 = SURFACE_SIDE_STYLE('',(#5925));
#5925 = SURFACE_STYLE_FILL_AREA(#5926);
#5926 = FILL_AREA_STYLE('',(#5927));
#5927 = FILL_AREA_STYLE_COLOUR('',#5815);
#5928 = STYLED_ITEM('color',(#5929),#4037);
#5929 = PRESENTATION_STYLE_ASSIGNMENT((#5930));
#5930 = SURFACE_STYLE_USAGE(.BOTH.,#5931);
#5931 = SURFACE_SIDE_STYLE('',(#5932));
#5932 = SURFACE_STYLE_FILL_AREA(#5933);
#5933 = FILL_AREA_STYLE('',(#5934));
#5934 = FILL_AREA_STYLE_COLOUR('',#5815);
#5935 = STYLED_ITEM('color',(#5936),#4160);
#5936 = PRESENTATION_STYLE_ASSIGNMENT((#5937));
#5937 = SURFACE_STYLE_USAGE(.BOTH.,#5938);
#5938 = SURFACE_SIDE_STYLE('',(#5939));
#5939 = SURFACE_STYLE_FILL_AREA(#5940);
#5940 = FILL_AREA_STYLE('',(#5941));
#5941 = FILL_AREA_STYLE_COLOUR('',#5815);
#5942 = STYLED_ITEM('color',(#5943),#4315);
#5943 = PRESENTATION_STYLE_ASSIGNMENT((#5944));
#5944 = SURFACE_STYLE_USAGE(.BOTH.,#5945);
#5945 = SURFACE_SIDE_STYLE('',(#5946));
#5946 = SURFACE_STYLE_FILL_AREA(#5947);
#5947 = FILL_AREA_STYLE('',(#5948));
#5948 = FILL_AREA_STYLE_COLOUR('',#5815);
#5949 = STYLED_ITEM('color',(#5950),#4357);
#5950 = PRESENTATION_STYLE_ASSIGNMENT((#5951));
#5951 = SURFACE_STYLE_USAGE(.BOTH.,#5952);
#5952 = SURFACE_SIDE_STYLE('',(#5953));
#5953 = SURFACE_STYLE_FILL_AREA(#5954);
#5954 = FILL_AREA_STYLE('',(#5955));
#5955 = FILL_AREA_STYLE_COLOUR('',#5815);
#5956 = STYLED_ITEM('color',(#5957),#4480);
#5957 = PRESENTATION_STYLE_ASSIGNMENT((#5958));
#5958 = SURFACE_STYLE_USAGE(.BOTH.,#5959);
#5959 = SURFACE_SIDE_STYLE('',(#5960));
#5960 = SURFACE_STYLE_FILL_AREA(#5961);
#5961 = FILL_AREA_STYLE('',(#5962));
#5962 = FILL_AREA_STYLE_COLOUR('',#5815);
#5963 = STYLED_ITEM('color',(#5964),#4783);
#5964 = PRESENTATION_STYLE_ASSIGNMENT((#5965));
#5965 = SURFACE_STYLE_USAGE(.BOTH.,#5966);
#5966 = SURFACE_SIDE_STYLE('',(#5967));
#5967 = SURFACE_STYLE_FILL_AREA(#5968);
#5968 = FILL_AREA_STYLE('',(#5969));
#5969 = FILL_AREA_STYLE_COLOUR('',#5815);
#5970 = MECHANICAL_DESIGN_GEOMETRIC_PRESENTATION_REPRESENTATION('',(
    #5971),#5785);
#5971 = STYLED_ITEM('color',(#5972),#5206);
#5972 = PRESENTATION_STYLE_ASSIGNMENT((#5973));
#5973 = SURFACE_STYLE_USAGE(.BOTH.,#5974);
#5974 = SURFACE_SIDE_STYLE('',(#5975,#5979));
#5975 = SURFACE_STYLE_FILL_AREA(#5976);
#5976 = FILL_AREA_STYLE('',(#5977));
#5977 = FILL_AREA_STYLE_COLOUR('',#5978);
#5978 = COLOUR_RGB('',0.679975718802,0.701410709185,0.574871009914);
#5979 = SURFACE_STYLE_RENDERING_WITH_PROPERTIES(.NORMAL_SHADING.,#5978,(
    #5980));
#5980 = SURFACE_STYLE_TRANSPARENT(1.999998092651E-02);
#5981 = MECHANICAL_DESIGN_GEOMETRIC_PRESENTATION_REPRESENTATION('',(
    #5982),#768);
#5982 = STYLED_ITEM('color',(#5983),#49);
#5983 = PRESENTATION_STYLE_ASSIGNMENT((#5984));
#5984 = SURFACE_STYLE_USAGE(.BOTH.,#5985);
#5985 = SURFACE_SIDE_STYLE('',(#5986));
#5986 = SURFACE_STYLE_FILL_AREA(#5987);
#5987 = FILL_AREA_STYLE('',(#5988));
#5988 = FILL_AREA_STYLE_COLOUR('',#5989);
#5989 = COLOUR_RGB('',0.854305825093,0.803630995277,0.);
#5990 = MECHANICAL_DESIGN_GEOMETRIC_PRESENTATION_REPRESENTATION('',(
    #5991),#5187);
#5991 = STYLED_ITEM('color',(#5992),#5026);
#5992 = PRESENTATION_STYLE_ASSIGNMENT((#5993));
#5993 = SURFACE_STYLE_USAGE(.BOTH.,#5994);
#5994 = SURFACE_SIDE_STYLE('',(#5995,#5999));
#5995 = SURFACE_STYLE_FILL_AREA(#5996);
#5996 = FILL_AREA_STYLE('',(#5997));
#5997 = FILL_AREA_STYLE_COLOUR('',#5998);
#5998 = COLOUR_RGB('',0.66636050991,0.66636050991,0.66636050991);
#5999 = SURFACE_STYLE_RENDERING_WITH_PROPERTIES(.NORMAL_SHADING.,#5998,(
    #6000));
#6000 = SURFACE_STYLE_TRANSPARENT(0.168627440929);
ENDSEC;
END-ISO-10303-21;
